20060911,113,123,120,-,151400
20060912,122,134,131,120,11300
20060913,130,144,140,131,339400
20060914,129,152,139,140,99800
20060915,128,142,131,139,133800
20060918,128,133,129,131,62000
20060919,125,135,129,129,51200
20060920,119,130,128,129,92500
20060921,118,130,127,128,173100
20060922,118,130,123,127,260200
20060925,113,129,124,123,42300
20060926,125,134,129,124,96800
20060927,128,143,129,129,75100
20060928,126,135,129,129,141600
20060929,124,131,126,129,396500
20061002,128,133,128,126,54500
20061003,128,133,132,128,75300
20061004,128,135,131,132,51200
20061005,130,135,133,131,90600
20061006,130,137,135,133,79300
20061009,129,140,135,135,32500
20061010,129,140,135,135,32500
20061011,130,138,133,135,20500
20061012,132,137,134,133,47100
20061013,132,135,133,134,28900
20061016,130,135,132,133,14300
20061017,125,132,128,132,47000
20061018,126,132,130,128,53300
20061019,126,131,128,130,84500
20061023,125,134,128,128,42000
20061024,125,134,128,128,42000
20061025,126,132,128,128,244700
20061026,128,133,130,128,100400
20061027,125,135,134,130,140400
20061030,135,140,136,134,20500
20061031,137,146,139,136,431600
20061101,139,144,140,139,153600
20061102,140,145,140,140,246900
20061103,140,150,144,140,152300
20061106,140,147,140,144,106300
20061107,130,143,139,140,101100
20061108,130,140,136,139,62700
20061109,136,140,139,136,42300
20061110,140,142,140,139,61100
20061113,140,143,140,140,95200
20061114,140,142,140,140,87900
20061115,140,149,142,140,75900
20061116,135,143,140,142,106800
20061117,138,142,139,140,118700
20061120,135,140,137,139,22900
20061121,130,138,134,137,42000
20061122,135,138,136,134,8700
20061123,131,137,134,136,15600
20061124,134,138,136,134,80900
20061127,136,139,136,136,44500
20061128,137,140,139,136,70000
20061129,126,140,137,139,115800
20061130,132,138,135,137,22600
20061201,130,137,131,135,31500
20061204,134,140,135,131,54300
20061205,132,137,134,135,50100
20061206,132,135,134,134,5600
20061207,132,137,135,134,76800
20061208,132,135,134,135,136800
20061211,130,134,131,134,160600
20061213,131,134,133,131,139800
20061214,133,135,134,133,21300
20061215,133,135,133,134,187000
20061218,133,140,136,133,28900
20061219,134,141,138,136,8200
20061220,135,137,136,138,56800
20061221,135,136,135,136,16900
20061222,135,140,135,135,32600
20061227,135,138,135,135,5600
20061228,135,140,139,135,214400
20061229,137,140,138,139,6900
20070102,140,145,141,138,7500
20070103,140,150,144,141,13300
20070104,146,157,154,144,28800
20070105,155,170,167,154,53100
20070108,170,185,179,167,93000
20070109,185,202,199,179,97600
20070110,210,222,221,199,218300
20070111,219,244,237,221,281200
20070112,203,220,213,237,44900
20070115,190,202,198,213,108900
20070116,178,190,188,198,47700
20070117,170,200,184,188,133500
20070118,190,206,200,184,165900
20070119,206,226,215,200,132700
20070122,208,225,214,215,119600
20070123,200,215,211,214,57500
20070124,192,210,205,211,123500
20070125,195,210,207,205,116200
20070126,208,220,210,207,303500
20070129,216,233,223,210,87500
20070130,215,224,217,223,117600
20070131,205,230,213,217,157500
20070201,200,215,203,213,134100
20070202,190,205,200,203,64300
20070205,195,207,202,200,191200
20070206,202,220,215,202,155100
20070207,214,225,218,215,224900
20070208,220,230,225,218,196500
20070209,227,240,231,225,102200
20070212,240,254,246,231,559800
20070213,225,275,247,246,213500
20070214,220,245,229,247,98400
20070215,220,229,224,229,94500
20070216,222,235,226,224,88300
20070219,230,238,234,226,158400
20070220,225,240,235,234,136700
20070221,230,240,235,235,142500
20070222,225,236,231,235,152800
20070223,220,230,225,231,68500
20070226,219,230,222,225,65100
20070227,218,220,219,222,69200
20070228,210,220,217,219,154800
20070301,205,220,211,217,40300
20070302,218,225,220,211,67400
20070305,220,230,229,220,42900
20070306,229,240,231,229,47500
20070307,220,240,233,231,81600
20070308,230,239,234,233,36000
20070309,230,239,233,234,50700
20070312,230,237,235,233,33500
20070313,233,239,237,235,39500
20070314,238,245,240,237,110700
20070315,235,241,239,240,90100
20070316,233,238,237,239,55600
20070319,230,238,236,237,99800
20070320,230,236,232,236,119200
20070321,220,235,230,232,54300
20070322,221,235,228,230,58000
20070323,204,226,218,228,65000
20070326,200,226,219,218,210600
20070327,218,225,220,219,167400
20070328,222,240,229,220,62100
20070329,240,258,247,229,87200
20070330,256,280,270,247,120000
20070402,264,283,274,270,216800
20070403,270,285,276,274,98100
20070404,255,270,263,276,150100
20070405,265,285,274,263,209800
20070410,75.5,100,80.5,274,79700
20070411,85,92.5,88.5,80.5,73500
20070412,85,90,88.5,88.5,171600
20070413,85,90,87,88.5,157800
20070416,78,86,83.5,87,59300
20070417,75,85,78,83.5,399500
20070418,70.5,76,74.5,78,146600
20070419,72,80,75.5,74.5,154000
20070420,75.5,82.5,81,75.5,207600
20070423,73,82,79.5,81,461300
20070424,81,89.5,87,79.5,446200
20070425,82,97,92.5,87,552200
20070426,87,97,92.5,92.5,369100
20070427,88,94,89.5,92.5,352900
20070430,87.5,92.5,91,89.5,386500
20070502,83,92,91,91,108600
20070503,85,93,89.5,91,351600
20070504,85,99,90,89.5,688600
20070507,84,92,88.5,90,742400
20070508,86,91.5,88.5,88.5,462100
20070509,90,93,91.5,88.5,137600
20070510,92,95,92.5,91.5,167200
20070511,94,99,96.5,92.5,423300
20070514,96.5,100,98,96.5,251100
20070515,94,99,95.5,98,856200
20070516,95,97.5,95,95.5,379200
20070517,96,99,97.5,95,307600
20070518,97,99,98,97.5,171600
20070521,97.5,100,99,98,156600
20070522,98,107,102,99,583300
20070523,104,114,109,102,359500
20070524,108,119,112,109,433000
20070525,114,121,118,112,551400
20070528,111,118,115,118,289700
20070529,105,116,112,115,371100
20070530,104,109,107,112,202500
20070531,107,115,111,107,325800
20070604,110,120,114,111,424200
20070605,116,125,120,114,185800
20070606,122,134,129,120,192600
20070607,130,141,139,129,1070000
20070608,131,139,134,139,719900
20070611,134,139,135,134,380100
20070612,125,135,133,135,419500
20070613,125,136,130,133,479300
20070614,132,136,134,130,427900
20070615,130,135,133,134,343900
20070618,133,139,135,133,265900
20070619,137,142,139,135,604900
20070620,134,139,137,139,349900
20070621,134,140,137,137,276200
20070622,135,143,138,137,314100
20070625,134,139,138,138,134400
20070626,137,139,138,138,285900
20070627,133,145,139,138,135200
20070628,139,146,143,139,154900
20070629,141,149,145,143,127800
20070702,143,150,146,145,92400
20070703,140,150,147,146,702100
20070704,142,147,145,147,273900
20070705,138,146,145,145,498900
20070706,142,146,144,145,65500
20070709,141,146,143,144,106900
20070710,143,145,144,143,199800
20070711,136,144,142,144,513200
20070712,130,150,133,142,449100
20070713,133,142,137,133,345600
20070716,135,140,137,137,106300
20070717,131,139,135,137,125400
20070718,133,137,134,135,238100
20070719,132,140,135,134,121900
20070720,130,135,133,135,140900
20070723,122,135,132,133,118900
20070724,127,134,132,132,168300
20070725,127,132,130,132,144200
20070726,128,133,130,130,244600
20070727,130,133,130,130,354800
20070730,127,143,130,130,148300
20070731,128,143,129,130,58300
20070801,120,130,126,129,115400
20070802,120,130,125,126,542000
20070803,115,126,122,125,132200
20070806,112,125,119,122,548200
20070807,110,120,115,119,279600
20070808,111,120,117,115,226100
20070809,117,121,119,117,265200
20070810,118,122,119,119,812800
20070813,122,130,126,119,503400
20070814,124,130,125,126,419400
20070815,124,130,125,125,304000
20070816,123,130,126,125,247900
20070817,122,130,125,126,120900
20070820,123,132,126,125,164000
20070821,125,132,127,126,72400
20070822,125,129,127,127,243100
20070823,123,128,127,127,168400
20070824,125,130,127,127,452400
20070827,125,131,128,127,81400
20070828,125,132,130,128,69900
20070829,127,131,128,130,255900
20070830,123,138,131,128,164800
20070831,125,134,129,131,92300
20070903,120,128,122,129,288100
20070904,116,126,119,122,237300
20070905,119,125,122,119,218700
20070906,120,129,123,122,209600
20070907,123,128,125,123,98700
20070910,125,128,126,125,54500
20070911,125,130,128,126,148500
20070912,125,129,128,128,250000
20070913,126,130,128,128,183800
20070914,125,130,128,128,324200
20070917,124,128,126,128,99200
20070918,124,128,126,126,67200
20070919,124,128,127,126,267100
20070920,124,128,125,127,228000
20070921,124,127,125,125,252700
20070924,121,125,124,125,283500
20070925,121,125,122,124,133200
20070926,115,122,120,122,627300
20070927,115,125,117,120,164000
20070928,116,120,117,117,72600
20071001,115,118,116,117,91400
20071002,112,116,113,116,181700
20071003,108,113,111,113,613800
20071004,104,112,108,111,337800
20071005,106,110,109,108,526700
20071008,98.5,108,101,109,61200
20071009,95,101,98.5,101,108300
20071010,95,101,98.5,101,108300
20071011,96,104,98.5,98.5,73200
20071012,101,108,105,98.5,83300
20071015,108,115,110,105,102700
20071016,112,121,119,110,241100
20071017,120,127,123,119,490800
20071018,115,123,120,123,702400
20071019,118,125,121,120,562800
20071022,112,118,115,121,51800
20071023,104,117,111,115,68700
20071024,107,114,111,111,156700
20071025,110,120,116,111,99300
20071026,111,120,114,116,248100
20071029,110,116,114,114,276900
20071030,111,116,114,114,327600
20071031,114,118,114,114,150700
20071101,112,119,116,114,161900
20071102,114,116,115,116,74200
20071105,114,117,115,115,44600
20071106,115,122,119,115,326700
20071107,117,120,119,119,281900
20071108,116,120,118,119,47200
20071109,117,119,117,118,121000
20071112,115,120,117,117,62000
20071113,116,120,118,117,194600
20071114,118,122,119,118,146700
20071115,125,149,131,119,414200
20071116,131,140,134,131,738000
20071119,135,139,137,134,333200
20071120,136,139,137,137,290300
20071121,135,140,138,137,595800
20071122,135,138,137,138,188300
20071123,133,138,136,137,248100
20071126,128,135,130,136,57900
20071127,128,132,130,130,103000
20071128,125,137,128,130,139500
20071129,126,130,129,128,109000
20071130,129,135,130,129,325400
20071203,130,136,132,130,195500
20071204,133,137,134,132,328600
20071205,133,136,135,134,170600
20071206,134,137,135,135,564600
20071207,135,139,136,135,413600
20071210,134,142,138,136,273800
20071211,138,151,147,138,735700
20071213,140,152,149,147,263300
20071214,137,147,141,149,120600
20071217,136,144,138,141,236900
20071218,138,149,142,138,277100
20071219,138,149,142,138,277100
20071220,140,150,148,142,287800
20071221,145,150,148,148,463200
20071224,147,152,150,148,805400
20071227,147,152,150,148,805400
20071228,147,152,150,148,805400
20071231,147,152,150,148,805400
20080102,135,149,140,150,87000
20080104,135,140,138,140,60700
20080107,140,150,143,138,164800
20080108,145,150,149,143,439700
20080109,145,150,147,149,122300
20080110,144,147,145,147,116800
20080111,144,146,145,145,162700
20080114,140,145,142,145,112100
20080115,135,140,135,142,555200
20080116,135,145,139,135,200300
20080117,135,142,138,139,135100
20080118,137,140,138,138,81800
20080121,137,140,138,138,81800
20080122,134,145,135,138,862600
20080123,130,138,132,135,159300
20080124,129,134,131,132,43300
20080125,126,138,134,131,190400
20080128,125,134,130,134,100500
20080129,120,130,125,130,145400
20080130,126,134,130,125,117900
20080131,127,133,129,130,110000
20080201,130,133,131,129,57200
20080204,126,132,130,131,60800
20080205,127,133,130,130,53400
20080206,128,132,130,130,44800
20080207,130,137,132,130,78700
20080208,132,139,134,132,140400
20080211,134,147,140,134,485700
20080212,140,154,149,140,859000
20080213,148,154,150,149,550800
20080214,143,150,145,150,379300
20080215,141,146,142,145,87700
20080218,140,145,140,142,149600
20080219,140,145,140,140,149200
20080220,140,145,142,140,85900
20080221,142,145,143,142,201500
20080222,142,150,147,143,824600
20080225,145,150,148,147,384900
20080226,146,150,148,148,306600
20080227,143,148,145,148,71000
20080228,142,150,144,145,66800
20080229,146,158,157,144,753000
20080303,155,160,157,157,315000
20080304,157,172,160,157,699500
20080305,155,170,161,160,571000
20080306,155,165,158,161,531400
20080307,147,160,151,158,268000
20080310,150,155,151,151,202200
20080311,150,154,151,151,582700
20080312,150,156,151,151,136500
20080313,151,156,153,151,62700
20080314,148,153,151,153,321200
20080317,140,150,146,151,151300
20080318,141,150,148,146,770800
20080319,146,150,148,148,141100
20080320,149,157,152,148,209700
20080325,150,158,153,152,146500
20080326,152,155,154,153,117700
20080327,151,156,154,154,388700
20080328,153,155,154,154,160500
20080331,155,159,156,154,74000
20080401,155,165,155,156,130800
20080402,155,157,155,155,35400
20080403,156,160,159,155,147500
20080404,158,165,161,159,316600
20080407,160,165,161,161,136000
20080408,161,170,166,161,160700
20080409,160,168,164,166,111000
20080410,163,167,165,164,70900
20080411,164,170,167,165,180800
20080414,165,183,175,167,124400
20080415,172,190,183,175,328100
20080416,185,190,187,183,138300
20080417,183,201,190,187,404000
20080418,201,240,221,190,373400
20080421,221,243,236,221,290100
20080422,220,236,226,236,137900
20080423,204,225,212,226,270400
20080424,208,223,215,212,585300
20080425,210,223,218,215,77300
20080428,220,239,227,218,109000
20080429,230,341,245,227,132900
20080430,249,269,257,245,262400
20080502,250,260,252,257,310100
20080505,238,257,246,252,483000
20080506,245,270,261,246,351900
20080507,265,284,276,261,238800
20080508,275,290,279,276,119200
20080509,270,290,275,279,311300
20080512,266,279,274,275,86900
20080513,250,278,266,274,444500
20080514,262,274,265,266,90600
20080515,260,266,261,265,426700
20080516,260,270,260,261,190900
20080519,255,262,259,260,50100
20080520,260,265,262,259,60500
20080521,263,270,269,262,253800
20080522,268,275,273,269,52000
20080523,269,275,270,273,47000
20080526,269,275,270,270,219500
20080527,270,273,270,270,42700
20080528,270,280,277,270,135300
20080529,275,280,279,277,121100
20080530,270,293,285,279,148500
20080603,287,299,289,285,163500
20080604,288,299,291,289,459000
20080605,290,299,292,291,355700
20080606,293,299,296,292,270900
20080609,295,310,301,296,145400
20080610,287,300,292,301,84500
20080611,289,300,292,292,124500
20080612,289,292,290,292,93500
20080613,290,295,290,290,187800
20080616,291,295,292,290,68300
20080617,293,300,298,292,61300
20080618,295,300,296,298,113500
20080619,296,300,298,296,62600
20080620,297,310,300,298,212600
20080623,299,310,299,300,138900
20080624,305,328,321,299,127500
20080625,320,330,324,321,114600
20080626,303,328,319,324,200200
20080627,300,310,304,319,274600
20080630,305,314,307,304,215200
20080701,303,310,307,307,126800
20080702,304,308,305,307,57200
20080703,301,306,304,305,63900
20080704,300,307,301,304,252800
20080707,303,309,306,301,118400
20080708,303,310,307,306,137000
20080709,305,314,309,307,129900
20080710,305,310,307,309,62900
20080711,306,314,309,307,224100
20080714,310,320,313,309,42200
20080715,313,320,317,313,185800
20080716,315,320,317,317,111200
20080717,307,317,310,317,99300
20080718,300,310,308,310,335100
20080721,304,313,305,308,75800
20080722,300,306,304,305,120600
20080723,301,305,302,304,155500
20080724,291,302,299,302,151500
20080725,300,321,307,299,375600
20080728,295,307,295,307,1580000
20080729,285,300,298,295,344300
20080730,269,299,285,298,171600
20080731,261,295,268,285,184700
20080801,250,294,274,268,364600
20080804,275,294,289,274,105400
20080805,282,293,287,289,123600
20080806,280,285,281,287,40700
20080807,281,286,284,281,96900
20080808,285,289,286,284,76900
20080811,283,290,285,286,56000
20080812,280,284,281,285,59800
20080813,270,280,274,281,104300
20080814,265,271,268,274,65600
20080815,272,275,273,268,183000
20080818,270,273,271,273,55700
20080819,273,280,274,271,57300
20080820,274,279,277,274,38000
20080821,276,289,281,277,159600
20080822,283,285,284,281,23400
20080825,282,290,285,284,282200
20080826,279,285,281,285,2.23M
20080827,279,282,280,281,57100
20080828,275,280,275,280,53900
20080829,271,275,272,275,30400
20080901,270,279,271,272,148000
20080902,265,271,269,271,214400
20080903,260,270,264,269,97000
20080904,240,264,255,264,121000
20080905,241,268,250,255,494500
20080908,241,250,248,250,134200
20080909,235,247,239,248,200900
20080910,216,239,225,239,135100
20080911,205,240,238,225,1.48M
20080912,217,237,225,238,276800
20080915,205,225,212,225,81200
20080916,191,210,197,212,84000
20080917,178,195,178,197,155300
20080918,170,195,181,178,389600
20080919,185,199,196,181,14300
20080922,215,215,215,196,160200
20080923,220,236,234,215,437200
20080924,229,245,235,234,240700
20080925,226,233,229,235,45800
20080926,222,230,228,229,371400
20080929,218,230,223,228,124500
20080930,201,220,203,223,180700
20081001,201,220,203,223,180700
20081002,203,220,210,203,355100
20081003,203,220,212,210,55900
20081006,208,220,211,212,93000
20081007,203,215,205,211,131200
20081008,190,205,199,205,155600
20081009,185,195,191,199,330500
20081010,185,195,191,199,330500
20081013,174,195,184,191,89300
20081014,175,184,179,184,55600
20081015,178,195,180,179,126000
20081016,185,198,190,180,38300
20081017,177,209,186,190,137800
20081021,175,187,179,186,33700
20081022,164,180,171,179,47400
20081023,154,171,156,171,137500
20081024,141,158,149,156,66100
20081027,135,155,139,149,80600
20081028,126,135,126,139,46600
20081029,114,130,116,126,86400
20081030,127,127,127,116,4500
20081031,151,180,172,127,109900
20081103,160,189,173,172,175700
20081104,189,190,189,173,205500
20081105,195,207,205,189,167500
20081106,195,207,205,189,167500
20081107,185,202,185,205,226500
20081110,167,184,170,185,162300
20081111,168,184,178,170,262400
20081112,161,180,164,178,233800
20081113,164,168,165,164,50800
20081114,164,166,164,165,158600
20081117,163,166,164,164,217300
20081118,164,168,164,164,71900
20081119,164,170,165,164,66500
20081120,165,167,165,165,115800
20081121,160,165,164,165,60200
20081124,159,165,161,164,162900
20081125,150,160,152,161,138600
20081126,152,158,155,152,28800
20081127,145,155,152,155,76900
20081128,140,152,149,152,42300
20081201,140,150,145,149,52400
20081202,131,146,132,145,135600
20081203,130,145,134,132,209200
20081204,135,140,135,134,210200
20081205,137,145,139,135,101600
20081208,140,152,146,139,25500
20081209,145,154,149,146,34700
20081210,149,155,150,149,99800
20081211,150,155,151,150,64400
20081215,145,154,148,151,34900
20081216,146,160,150,148,44500
20081217,148,165,157,150,74500
20081218,152,170,156,157,128400
20081219,155,171,164,156,52400
20081222,161,175,163,164,15200
20081223,158,170,164,163,485900
20081224,160,174,165,164,47400
20081229,155,165,155,165,244800
20081230,163,170,167,155,15.02M
20081231,170,183,176,167,667300
20090102,185,193,189,176,28300
20090105,171,185,174,189,68600
20090106,164,176,168,174,89900
20090107,156,168,162,168,84400
20090108,159,175,167,162,75200
20090109,167,172,170,167,32800
20090112,160,170,165,170,108300
20090113,160,180,164,165,76000
20090114,161,169,164,164,30500
20090115,164,170,165,164,38100
20090116,165,170,168,165,326300
20090119,165,170,166,168,110600
20090120,160,169,166,166,127400
20090121,164,168,164,166,119900
20090122,156,165,160,164,65600
20090123,156,160,159,160,18500
20090126,158,162,159,159,266900
20090127,157,160,159,159,22600
20090128,155,160,159,159,50700
20090129,158,160,159,159,53200
20090130,152,159,156,159,65900
20090202,150,155,153,156,38600
20090203,139,151,142,153,394900
20090204,140,145,141,142,26900
20090205,141,150,148,141,430400
20090206,147,150,148,148,63500
20090209,145,150,147,148,43500
20090210,140,147,145,147,21500
20090211,140,145,142,145,25700
20090212,142,150,145,142,173700
20090213,150,165,152,145,228300
20090216,146,153,150,152,104900
20090217,145,150,147,150,116500
20090218,135,145,139,147,98700
20090219,126,140,135,139,53200
20090220,122,131,124,135,45100
20090223,122,135,124,124,20500
20090224,122,130,125,124,62100
20090225,119,125,121,125,84100
20090226,115,120,118,121,19700
20090227,109,115,113,118,29400
20090302,102,110,105,113,88900
20090303,95,102,96,105,404100
20090304,93,99.5,95,96,134500
20090305,93,95,94,95,59700
20090306,93,97,93.5,94,327000
20090309,94,99,95,93.5,260400
20090310,98,104,99,95,77700
20090311,101,108,103,99,59100
20090312,113,113,113,103,20500
20090313,123,124,123,113,67900
20090316,111,135,130,123,148700
20090317,124,143,131,130,171400
20090318,130,135,132,131,71100
20090319,128,140,130,132,349000
20090320,126,133,128,130,86900
20090323,121,128,123,128,170000
20090324,122,125,123,123,113200
20090325,121,130,125,123,102600
20090326,13,20,13.7,125,374400
20090327,13.95,15.05,14.5,13.7,267800
20090330,15.95,15.95,15.95,14.5,103200
20090331,16.5,17.5,17.4,15.95,1.08M
20090401,17,19.1,17.75,17.4,1.49M
20090402,17,19,17.85,17.75,1.46M
20090403,17.1,18.25,17.8,17.85,1.19M
20090406,18,18.5,18.15,17.8,1.06M
20090407,18.3,18.5,18.45,18.15,443000
20090408,17,18.3,17.95,18.45,454700
20090409,16.2,16.2,16.2,17.95,645400
20090414,14.6,14.6,14.6,16.2,195500
20090415,13.15,13.15,13.15,14.6,355700
20090416,11.85,13.15,11.85,13.15,1.45M
20090417,11.6,13,12.1,11.85,8.76M
20090420,12.1,13,12.9,12.1,3.24M
20090421,12.85,13.5,13,12.9,5.03M
20090422,13,13.8,13.1,13,1.17M
20090423,13.7,14.4,14,13.1,2.65M
20090424,13.9,14.5,14,14,3.98M
20090427,13.9,14.2,14.05,14,2.17M
20090428,13.3,14.15,13.9,14.05,1.40M
20090429,13.1,14,13.5,13.9,905500
20090430,13.2,13.8,13.55,13.5,1.10M
20090504,13.55,13.75,13.6,13.55,1.10M
20090505,12.3,14,13.75,13.6,3.42M
20090506,13.8,14,13.85,13.75,991400
20090507,13.8,13.95,13.85,13.85,2.12M
20090508,13.9,14,13.9,13.85,2.66M
20090511,13.9,14.05,13.95,13.9,1.45M
20090512,14,14.2,14.05,13.95,312300
20090513,14,14.35,14.1,14.05,421400
20090514,14.05,14.5,14.15,14.1,522500
20090515,14.05,14.2,14.1,14.15,500400
20090518,14,14.2,14,14.1,742600
20090519,13.85,14.1,13.95,14,1.72M
20090520,13.85,14,13.9,13.95,2.14M
20090521,13.85,14,13.9,13.9,583500
20090522,13.7,14,13.8,13.9,1.38M
20090525,13.65,13.95,13.7,13.8,1.57M
20090526,13.7,13.8,13.7,13.7,1.65M
20090527,13.7,14,13.85,13.7,2.23M
20090528,13.9,14,13.9,13.85,1.43M
20090529,13.7,14,13.9,13.9,357000
20090602,13.9,14,13.95,13.9,1.47M
20090603,13.9,14,13.9,13.95,470800
20090604,13.9,14.05,13.95,13.9,2.22M
20090605,13.95,14,13.95,13.95,1.42M
20090608,13.5,14,13.95,13.95,1.76M
20090609,13.95,14,13.95,13.95,725900
20090610,13.9,14,13.95,13.95,4.56M
20090611,13.95,14.1,13.95,13.95,2.52M
20090612,13.9,14.1,13.95,13.95,1.86M
20090615,13.8,14,13.9,13.95,1.19M
20090616,13.8,14,13.9,13.9,2.27M
20090617,13.9,14.2,14,13.9,1.27M
20090618,14.15,15.4,14.6,14,812700
20090619,15.5,16.05,15.95,14.6,954300
20090622,15.5,17.5,16.85,15.95,2.17M
20090623,15.8,17,16.25,16.85,5.07M
20090624,15.8,16.25,15.95,16.25,2.69M
20090625,15.8,16.3,16,15.95,12.57M
20090626,16,16.4,16.25,16,407400
20090629,16,16.5,16.25,16.25,5.38M
20090630,16,17,16.2,16.25,6.19M
20090701,16.5,17.35,16.7,16.2,705900
20090702,16.8,18,17,16.7,1.06M
20090703,17.2,17.5,17.4,17,1.22M
20090706,16.5,17.5,17.2,17.4,1.15M
20090707,16.7,17.2,16.95,17.2,366600
20090708,16.4,17,16.65,16.95,968700
20090709,16,16.7,16.55,16.65,497900
20090710,16.35,16.8,16.7,16.55,5.66M
20090713,16.05,16.7,16.45,16.7,945200
20090714,16,16.45,16.05,16.45,1.89M
20090715,16.05,16.45,16.2,16.05,904700
20090716,16.25,16.7,16.4,16.2,950300
20090717,16.4,16.8,16.5,16.4,1.51M
20090720,16.55,16.8,16.65,16.5,723800
20090721,16.6,16.95,16.75,16.65,285500
20090722,16.7,16.95,16.75,16.75,1.87M
20090723,16.4,17.2,17,16.75,1.89M
20090724,16.85,17,16.95,17,496000
20090727,16.9,17,16.95,16.95,861100
20090728,16.9,17.1,16.95,16.95,1.11M
20090729,16.95,17.1,17,16.95,11.72M
20090730,16.95,17.1,16.95,17,1.35M
20090731,16.4,17.1,16.95,16.95,2.33M
20090803,16.75,17,16.8,16.95,2.44M
20090804,16.7,17,16.9,16.8,3.33M
20090805,16.85,17.1,16.95,16.9,382700
20090806,16.95,17.1,17,16.95,1.78M
20090807,16.8,17,16.95,17,891200
20090810,16.8,17.1,16.95,16.95,2.13M
20090811,16.8,17,16.9,16.95,440800
20090812,16.7,17,16.8,16.9,655600
20090813,16.3,16.8,16.5,16.8,394200
20090814,15.5,16.4,16.05,16.5,709600
20090817,15.85,16.2,15.9,16.05,2.56M
20090818,16,16.2,16,15.9,1.66M
20090819,15.5,16.2,15.95,16,6.40M
20090820,15.6,15.9,15.8,15.95,534500
20090821,15.6,15.85,15.75,15.8,862700
20090824,15.5,15.75,15.5,15.75,1.36M
20090825,15.5,15.75,15.5,15.75,1.36M
20090826,15,15.5,15.1,15.5,2.94M
20090827,14.5,15,14.65,15.1,1.15M
20090828,14.05,14.5,14.3,14.65,805600
20090831,14.1,14.55,14.35,14.3,2.58M
20090901,14.35,15,14.55,14.35,487900
20090902,15.1,15.95,15.45,14.55,1.18M
20090903,15.3,15.9,15.6,15.45,439100
20090904,15,15.5,15.25,15.6,304000
20090907,14.6,15.6,15.15,15.25,199300
20090908,14.85,15,14.9,15.15,1.05M
20090909,14.75,15,14.85,14.9,242900
20090910,14.85,15,14.95,14.85,479500
20090911,14.8,15,14.9,14.95,383100
20090914,14.5,15,14.6,14.9,221200
20090915,14.5,14.8,14.5,14.6,5.30M
20090916,14.3,14.6,14.5,14.5,716400
20090917,14.2,14.55,14.35,14.5,736800
20090918,14.25,14.5,14.35,14.35,4.10M
20090921,14.25,14.5,14.35,14.35,4.10M
20090922,14.1,14.4,14.3,14.35,4.85M
20090923,14,14.35,14.2,14.3,7.85M
20090924,13.9,14.2,14,14.2,2.59M
20090925,14,14.25,14.05,14,1.90M
20090928,13.9,14.25,14.1,14.05,706900
20090929,13.9,14.1,14,14.1,646000
20090930,13.8,14.1,13.95,14,1.21M
20091001,14,14.5,14.1,13.95,1.35M
20091002,14.1,14.2,14.15,14.1,492100
20091005,13.95,14.35,14.05,14.15,267000
20091006,13.9,14.05,13.95,14.05,3.04M
20091007,13.5,14,13.7,13.95,824200
20091008,13.5,13.9,13.5,13.7,1.66M
20091009,13.25,14,13.4,13.5,2.10M
20091012,13.2,13.5,13.3,13.4,198000
20091013,13.2,13.5,13.3,13.3,2.99M
20091014,13.2,13.35,13.3,13.3,3.97M
20091015,13.2,13.7,13.4,13.3,302900
20091016,13.4,14.5,13.9,13.4,6.83M
20091019,14,14.65,14.3,13.9,3.85M
20091021,14.3,14.5,14.35,14.3,854000
20091022,14.35,14.5,14.45,14.35,320600
20091023,14.35,14.5,14.45,14.35,320600
20091026,14,14.45,14.35,14.45,232200
20091027,14,14.35,14.25,14.35,1.69M
20091028,14.2,14.35,14.25,14.25,6.35M
20091029,14.2,14.5,14.3,14.25,2.62M
20091030,14.2,14.5,14.3,14.25,2.62M
20091102,14.4,14.8,14.5,14.3,134100
20091103,14.05,14.6,14.5,14.5,2.27M
20091104,14,14.5,14.25,14.5,860000
20091105,14.15,14.5,14.25,14.25,1.69M
20091106,14.3,14.9,14.45,14.25,1.86M
20091109,14.4,14.9,14.6,14.45,1.91M
20091110,14,14.75,14.4,14.6,421400
20091111,14.05,14.6,14.4,14.4,174800
20091112,13.9,14.5,14,14.4,1.32M
20091113,14,14.3,14.25,14,22.89M
20091116,14.05,14.25,14.1,14.25,222000
20091117,14,14.4,14.15,14.1,1.48M
20091118,14,14.4,14.15,14.15,320800
20091119,13.9,14.25,14.05,14.15,223200
20091120,13.6,14.1,14,14.05,46700
20091123,13.75,14,13.9,14,146800
20091124,13.8,14,13.9,13.9,606200
20091125,13.7,13.9,13.75,13.9,1.53M
20091126,13.6,13.8,13.65,13.75,291500
20091127,13.5,13.65,13.6,13.65,329600
20091130,13.3,13.7,13.45,13.6,867700
20091201,13,13.5,13.1,13.45,350800
20091202,13.15,13.4,13.2,13.1,1.33M
20091203,13.2,13.65,13.55,13.2,2.39M
20091204,13.5,14,13.5,13.55,511800
20091207,13.4,13.65,13.5,13.5,1.26M
20091208,13.5,13.8,13.55,13.5,366600
20091209,13.5,14,13.7,13.55,2.02M
20091210,13.5,13.7,13.6,13.7,731300
20091211,13.5,13.7,13.6,13.6,921200
20091214,13.6,13.75,13.7,13.6,439200
20091215,13.5,13.8,13.7,13.7,329600
20091216,13.7,14,13.95,13.7,2.45M
20091217,13.8,14,13.9,13.95,692900
20091218,13.75,14,13.85,13.9,269100
20091221,13.7,13.95,13.8,13.85,203700
20091222,13.7,14,13.85,13.8,88600
20091223,13.7,14.1,13.85,13.85,657500
20091224,13.75,14.5,14.15,13.85,125400
20091228,14.05,14.5,14.3,14.15,106900
20091229,14.15,14.5,14.3,14.3,140300
20091230,14,14.5,14.05,14.3,1.50M
20091231,14,14.5,14.35,14.05,342400
20100104,14.15,14.45,14.3,14.35,107200
20100105,14,14.5,14.25,14.3,122400
20100106,14,14.3,14.15,14.25,464400
20100107,14,14.3,14,14.15,129900
20100108,14.05,14.5,14.35,14,956400
20100111,14.25,14.7,14.5,14.35,298800
20100112,14.2,14.5,14.35,14.5,145000
20100113,14.3,14.45,14.3,14.35,289900
20100114,14.25,14.4,14.3,14.3,1.81M
20100115,14.25,15,14.55,14.3,2.70M
20100118,14.8,16,15.9,14.55,4.88M
20100119,15.85,17.2,16.45,15.9,2.89M
20100120,16.5,17.7,17.25,16.45,6.53M
20100121,17,17.5,17.25,17.25,11.51M
20100122,16.5,17.2,16.8,17.25,1.25M
20100125,16.55,17,16.9,16.8,10.47M
20100126,16.75,16.95,16.85,16.9,20.14M
20100127,16.6,16.9,16.7,16.85,250300
20100128,15.6,16.6,15.95,16.7,597100
20100129,15.8,16.75,15.95,15.95,503500
20100201,14.85,16,15.7,15.95,388200
20100202,15,15.95,15.7,15.7,354500
20100203,15.9,16.3,15.95,15.7,536500
20100204,16,16.7,16.35,15.95,330300
20100205,16.35,16.7,16.5,16.35,146000
20100208,15.95,16.5,16.1,16.5,350800
20100209,15.9,16.05,15.9,16.1,1.07M
20100210,15.9,16.1,15.95,15.9,569300
20100211,15.95,16.1,16,15.95,179600
20100212,16,16.2,16.05,16,221700
20100215,15.95,16.1,16,16.05,467300
20100216,15.7,16.05,15.9,16,926200
20100217,15.1,15.8,15.4,15.9,303000
20100218,15.5,15.9,15.6,15.4,241300
20100219,15.4,15.7,15.5,15.6,1.68M
20100222,15.25,15.7,15.35,15.5,167300
20100223,15.35,15.6,15.4,15.35,594300
20100224,15.5,16,15.7,15.4,171600
20100225,15.7,15.95,15.75,15.7,981700
20100226,15.55,15.8,15.6,15.75,241800
20100301,15.55,15.65,15.55,15.6,222800
20100302,15.55,15.8,15.75,15.55,2.12M
20100303,15.7,16,15.75,15.75,411500
20100304,15.45,15.8,15.7,15.75,2.85M
20100305,15.4,15.75,15.7,15.7,7.77M
20100308,15.55,15.75,15.6,15.7,3.40M
20100309,15.6,15.75,15.6,15.6,2.75M
20100310,15.65,15.8,15.7,15.6,1.47M
20100311,15.6,15.8,15.7,15.7,317800
20100312,15.4,15.75,15.6,15.7,243100
20100315,15.5,15.8,15.55,15.6,1.56M
20100316,15.6,15.7,15.6,15.55,1.98M
20100317,15.6,16,15.8,15.6,1.59M
20100318,15.6,16,15.9,15.8,3.06M
20100319,15.7,16.05,15.85,15.9,1.14M
20100322,15.75,16,15.9,15.85,825000
20100323,15.6,15.95,15.85,15.9,732000
20100324,15.6,15.85,15.75,15.85,1.95M
20100325,15.75,16,15.85,15.75,542700
20100326,15.4,15.8,15.65,15.85,1.99M
20100329,15,15.8,15.65,15.65,1.24M
20100330,15.65,15.85,15.75,15.65,3.25M
20100331,15.7,15.85,15.8,15.75,1.28M
20100401,15.7,16,15.95,15.8,4.41M
20100406,15.8,16,15.9,15.95,336500
20100407,15.8,16,15.9,15.9,772000
20100408,15.9,16,15.95,15.9,1.08M
20100409,15.95,16.05,15.95,15.95,3.72M
20100412,16,16.5,16,15.95,642300
20100413,15.9,16.4,16.15,16,2.46M
20100414,16.2,16.55,16.35,16.15,551300
20100415,16,17.1,16.9,16.35,457400
20100416,16,17.3,17.15,16.9,2.01M
20100419,17,17.3,17.05,17.15,1.57M
20100420,17.1,17.55,17.4,17.05,2.91M
20100421,17.5,17.95,17.7,17.4,418000
20100422,17.7,18.25,17.95,17.7,11.90M
20100423,18,19,18.4,17.95,1.41M
20100426,18,19.2,18.85,18.4,2.16M
20100427,19,19.8,19.2,18.85,4.97M
20100428,19.3,19.8,19.5,19.2,3.06M
20100429,18.5,19.5,19.15,19.5,1.49M
20100430,18.45,18.9,18.55,19.15,650700
20100503,18.3,19,18.5,18.55,673700
20100504,18.45,18.95,18.5,18.5,2.71M
20100505,18.65,19,18.7,18.5,4.76M
20100506,18.8,19.3,19,18.7,932500
20100507,19,19.3,19.05,19,848700
20100510,18.9,19.2,19.05,19.05,523700
20100511,18.95,19.2,19,19.05,707800
20100512,18.8,19.1,18.95,19,565300
20100513,18.9,19.1,18.95,18.95,3.49M
20100514,18,19.1,19,18.95,466700
20100517,18.95,19.3,19.1,19,483200
20100518,19.2,19.8,19.45,19.1,2.47M
20100519,19.3,21.25,21,19.45,4.27M
20100520,20,23,21.75,21,3.60M
20100521,21.25,23,22,21.75,2.12M
20100524,21.75,24,23,22,3.80M
20100525,22,25.25,24,23,5.74M
20100526,21.75,24,22.5,24,1.80M
20100527,20.5,22.5,21,22.5,2.52M
20100528,20.5,22.5,21.25,21,3.20M
20100531,21.75,23,22.5,21.25,706700
20100602,22.25,23.5,22.75,22.5,1.46M
20100603,23,24,23.25,22.75,480300
20100604,23,24,23.5,23.25,1.59M
20100607,23.5,24.25,23.75,23.5,2.33M
20100608,23.75,24.25,24,23.75,3.01M
20100609,23,24,23.25,24,3.50M
20100610,23.25,24,23.25,23.25,212200
20100611,23,24,23.75,23.25,1.34M
20100614,23.75,24.25,24,23.75,4.39M
20100615,24,25,24.25,24,1.82M
20100616,23.5,24.75,24.25,24.25,1.43M
20100617,23.5,24.5,23.75,24.25,2.11M
20100618,23,24.25,23.5,23.75,404200
20100621,23.25,23.75,23.5,23.5,321000
20100622,23.5,23.75,23.5,23.5,2.62M
20100623,23.25,24,23.5,23.5,6.04M
20100624,23.5,24,23.5,23.5,2.92M
20100625,23.5,24,23.5,23.5,1.00M
20100628,23.5,24.25,23.75,23.5,4.02M
20100629,23.75,24,23.75,23.75,427200
20100630,23.75,24,23.75,23.75,6.51M
20100701,23.75,24,23.75,23.75,1.93M
20100702,23.5,24,23.5,23.75,3.01M
20100705,23.75,24,23.75,23.5,2.72M
20100706,23,23.75,23.5,23.75,3.19M
20100707,22,23.75,23,23.5,2.29M
20100708,22.5,23.75,22.75,23,310200
20100709,22.5,23.75,22.75,22.75,563100
20100712,22.75,23,22.75,22.75,999900
20100713,22.5,23,22.75,22.75,675000
20100714,22.75,23,22.75,22.75,390000
20100715,22.75,23.75,23,22.75,1.88M
20100716,23.25,24,23.5,23,2.53M
20100719,23.5,24.5,23.75,23.5,4.37M
20100720,24,24.5,24,23.75,1.28M
20100721,23,24.25,23.75,24,3.37M
20100722,23,24,23.5,23.75,303800
20100723,22.75,23.5,23.25,23.5,404000
20100726,23,23.5,23.25,23.25,893200
20100727,23,24,23.25,23.25,1.51M
20100728,23,24,23.5,23.25,2.77M
20100729,23.75,24,23.75,23.5,1.79M
20100730,23.75,24,23.75,23.75,2.41M
20100802,23.75,24.25,23.75,23.75,7.02M
20100803,24,25,24,23.75,4.49M
20100804,24,25,24,23.75,4.49M
20100805,25,26,25.25,24,729000
20100806,25.25,25.75,25.5,25.25,3.44M
20100809,26,27.75,26.75,25.5,618900
20100810,25.25,27,25.75,26.75,2.69M
20100811,24.75,25.75,25,25.75,2.87M
20100812,24,25.25,24.25,25,1.10M
20100813,24.25,25,24.5,24.25,790000
20100816,24.75,25.75,25,24.5,923000
20100817,24.75,26,25.25,25,1.07M
20100818,25.5,26,25.75,25.25,2.19M
20100819,25.75,26,25.75,25.75,488100
20100820,25.5,26,25.75,25.75,777300
20100823,24.5,26,25,25.75,385800
20100824,24.5,25,24.75,25,1.50M
20100825,24.75,25,24.75,24.75,718500
20100826,24.5,25,24.75,24.75,520600
20100827,24.5,25,24.75,24.75,520600
20100830,24.5,25.25,25,24.75,2.94M
20100831,25,25.25,25,25,464700
20100901,25,25.5,25,25,420300
20100902,25.25,26,25.75,25,559200
20100903,25.75,26,25.75,25.75,1.08M
20100906,25.25,26,25.5,25.75,2.10M
20100907,25,25.75,25.25,25.5,883300
20100908,25.25,25.75,25.25,25.25,851200
20100909,25.25,25.5,25.25,25.25,519600
20100910,25.25,25.75,25.25,25.25,283200
20100913,25,25.5,25,25.25,463100
20100914,25,25.75,25.25,25,3.56M
20100915,25.5,25.75,25.5,25.25,549700
20100916,25.25,25.75,25.25,25.5,1.14M
20100917,25,25.75,25.25,25.25,1.48M
20100920,25.5,25.75,25.5,25.25,356800
20100921,25.5,26,25.5,25.5,2.35M
20100922,25.5,25.75,25.5,25.5,980700
20100923,25.5,26,25.5,25.5,5.17M
20100924,25.5,25.75,25.5,25.5,1.03M
20100927,25.75,26.25,25.75,25.5,4.73M
20100928,25.75,26.25,26,25.75,949900
20100929,26,27,26.5,26,1.12M
20100930,26.75,27,26.75,26.5,1.98M
20101001,26.5,27,26.75,26.75,2.81M
20101004,26.75,27,26.75,26.75,8.37M
20101005,26.75,27,26.75,26.75,1.96M
20101006,26.75,27,26.75,26.75,4.22M
20101007,26.75,27,26.75,26.75,848100
20101008,26.5,27,26.75,26.75,33.50M
20101011,26,27,26.5,26.75,796100
20101012,26.5,27,26.5,26.5,359500
20101013,26.5,27,26.5,26.5,1.32M
20101014,26.25,26.75,26.25,26.5,458700
20101015,26.25,26.5,26.25,26.25,1.24M
20101018,26.5,27,26.5,26.25,430900
20101019,26.5,27,26.75,26.5,4.29M
20101021,26.25,27,26.5,26.75,527500
20101022,26.25,26.75,26.25,26.5,1.45M
20101025,26.5,26.75,26.5,26.25,503100
20101026,26.5,27,26.5,26.5,1.27M
20101027,26.5,27,26.5,26.5,4.33M
20101028,26.25,26.75,26.5,26.5,1.37M
20101029,26,26.75,26.25,26.5,465200
20101101,25.75,26.5,25.75,26.25,770400
20101102,25.75,26.25,26,25.75,3.59M
20101103,26,26.5,26,26,2.04M
20101104,26,26.75,26.25,26,851100
20101105,26.25,26.75,26.5,26.25,1.16M
20101108,26.25,27,26.5,26.5,4.01M
20101109,26.25,26.75,26.5,26.5,1.23M
20101110,26.25,27,26.5,26.5,2.88M
20101111,26.5,27,26.75,26.5,1.66M
20101112,26.75,27,26.75,26.75,468100
20101115,26.75,27,26.75,26.75,710300
20101116,26.25,26.75,26.5,26.75,1.62M
20101117,26.25,26.5,26.25,26.5,2.05M
20101118,26,26.5,26.25,26.25,889100
20101119,26.25,26.5,26.25,26.25,1.54M
20101122,26,26.5,26.25,26.25,1.06M
20101123,25.5,26.25,25.75,26.25,2.08M
20101124,25.75,26,25.75,25.75,1.31M
20101125,25.75,26,25.75,25.75,502800
20101126,25.75,26,25.75,25.75,1.69M
20101129,25.75,26,25.75,25.75,2.23M
20101130,25.25,26,25.5,25.75,2.41M
20101201,25.75,26.25,25.75,25.5,1.24M
20101202,25.75,26.25,26,25.75,1.21M
20101203,25.75,27.75,26,26,2.26M
20101206,25.75,26.5,26,26,884100
20101207,25.75,26.5,25.75,26,1.47M
20101208,25.75,26,25.75,25.75,1.78M
20101209,25,26,25.5,25.75,2.58M
20101210,24.5,25.25,24.75,25.5,292800
20101214,24.5,25.25,24.75,24.75,615400
20101215,25,26,25,24.75,435800
20101216,24.75,25.75,25,25,966600
20101217,25,25.75,25.25,25,2.02M
20101220,24.75,25.5,25,25.25,459000
20101221,25,25.5,25,25,307600
20101222,25,25.5,25,25,709800
20101223,25.25,26,25.75,25,864700
20101224,25.75,26.5,26,25.75,364300
20101228,26,26.75,26.25,26,182200
20101229,26.25,27,26.5,26.25,2.58M
20101230,26.25,26.75,26.5,26.5,1.92M
20101231,26.5,27.25,26.75,26.5,141600
20110103,26.75,27.75,27,26.75,859100
20110104,27.25,27.75,27.25,27,1.62M
20110105,27.5,28.5,28,27.25,3.19M
20110106,28.25,29.5,29,28,1.35M
20110107,29,30.25,29.5,29,8.74M
20110110,29,30,29.5,29.5,3.73M
20110111,28.75,29.75,29,29.5,1.24M
20110112,27.75,29,28.25,29,783100
20110113,28.25,29,28.75,28.25,3.11M
20110114,28.5,29.5,28.5,28.75,2.30M
20110117,28.75,29.75,29.25,28.5,1.21M
20110118,29.5,30.25,29.75,29.25,1.64M
20110119,29.75,30,29.75,29.75,843300
20110120,29.5,30,29.75,29.75,851900
20110121,29,30,29.5,29.75,533700
20110124,29.5,30,29.5,29.5,2.85M
20110125,29,29.75,29.5,29.5,364600
20110126,29,29.75,29.25,29.5,750300
20110127,29,29.5,29,29.25,399100
20110128,28.75,29.25,29,29,2.17M
20110131,28.75,30,29,29,1.97M
20110201,28.5,29,28.75,29,271400
20110202,27.5,28.75,28,28.75,711700
20110203,27.5,28.5,27.5,28,330400
20110204,27.5,28.25,27.75,27.5,1.21M
20110207,27.75,29,28.5,27.75,1.04M
20110208,28.5,28.75,28.5,28.5,408700
20110209,28.5,29,28.5,28.5,246800
20110210,28.5,29,28.5,28.5,2.31M
20110211,28.5,28.75,28.5,28.5,1.63M
20110214,28.25,28.75,28.25,28.5,249400
20110215,28.5,29,28.5,28.25,296000
20110216,28.5,29,28.5,28.5,910400
20110217,28.5,28.75,28.5,28.5,289100
20110218,28.5,28.75,28.5,28.5,272500
20110221,27.75,28.75,28,28.5,846400
20110222,27.75,28.25,27.75,28,888500
20110223,28,29,28.5,27.75,1.29M
20110224,28.5,29,28.5,28.5,2.60M
20110225,28.5,29.25,28.75,28.5,1.11M
20110228,28,29,28.5,28.75,1.52M
20110301,28,28.5,28.25,28.5,233500
20110302,27,28.5,27.25,28.25,499400
20110303,26.5,28,27,27.25,1.07M
20110304,27,28,27.25,27,1.51M
20110307,25,27.5,26.5,27.25,507400
20110308,26,26.5,26,26.5,226100
20110309,24.5,26,25,26,1.60M
20110310,23.5,25,24,25,830600
20110311,24.5,25,24.75,24,1.16M
20110314,24.25,25,24.75,24.75,1.48M
20110315,24.5,25,24.5,24.75,804600
20110316,24.75,25.5,24.75,24.5,4.19M
20110317,25,26,25.75,24.75,1.32M
20110318,25,26,25.25,25.75,761300
20110321,24.5,25,24.5,25.25,1.43M
20110322,24.5,25,24.5,24.5,1.80M
20110323,24.5,25.5,25,24.5,703100
20110324,24.5,25,24.75,25,3.05M
20110325,24.75,25,24.75,24.75,1.46M
20110328,24.25,25,24.75,24.75,377500
20110329,24.75,25.25,24.75,24.75,4.22M
20110330,24.75,25.25,25,24.75,1.10M
20110331,25,25.25,25,25,1.18M
20110401,25,25.5,25.25,25,3.52M
20110404,25,26,25.25,25.25,239800
20110405,25.25,25.5,25.25,25.25,252800
20110406,24.5,25.5,25,25.25,770400
20110407,24.5,25.5,24.75,25,867300
20110408,25,25.75,25.25,24.75,1.80M
20110411,25.5,25.75,25.5,25.25,1.27M
20110412,25.75,26.5,25.75,25.5,2.11M
20110413,26,26.5,26.25,25.75,628700
20110414,26.5,27.75,27,26.25,4.38M
20110415,27.25,28,27.5,27,4.69M
20110418,27,28,27.75,27.5,3.98M
20110419,27,27.5,27,27.75,301000
20110420,27,27.5,27,27,641800
20110421,26.75,27.5,27,27,897800
20110426,26.75,27.25,27,27,1.45M
20110427,26.5,27.25,27,27,3.08M
20110428,26,27.25,26.5,27,451500
20110429,26.75,27.25,27,26.5,2.26M
20110503,27,27.5,27,27,2.12M
20110504,26.75,27.25,26.75,27,1.11M
20110505,26.25,27,26.5,26.75,180700
20110506,25.75,26.75,26,26.5,1.80M
20110509,25.75,26,25.75,26,639600
20110510,25.5,26,25.75,25.75,3.35M
20110511,25,26,25.5,25.75,5.35M
20110512,25,25.5,25.25,25.5,4.62M
20110513,25,25.5,25,25.25,2.10M
20110516,24.75,25,24.75,25,1.09M
20110517,24.75,25.25,24.75,24.75,3.46M
20110518,25,26,25.25,24.75,4.76M
20110519,25,26,25,25.25,4.68M
20110520,25,25.25,25,25,223400
20110523,25,25.25,25,25,785000
20110524,24.5,25.25,24.75,25,4.67M
20110525,24.25,25,24.5,24.75,6.17M
20110526,24.25,25,24.5,24.5,2.12M
20110527,24.25,25,24.5,24.5,3.18M
20110530,24.5,25.25,24.75,24.5,1.84M
20110531,24.75,25.25,25,24.75,3.89M
20110602,24.75,25.25,25,25,326500
20110603,24.75,25.5,25,25,5.11M
20110606,24.75,25.25,25,25,284400
20110607,24.75,25.25,25,25,1.76M
20110608,25,25.5,25,25,534700
20110609,25,25.5,25.25,25,506100
20110610,25.25,25.5,25.25,25.25,1.56M
20110613,25.25,25.75,25.5,25.25,3.61M
20110614,25.5,25.75,25.5,25.5,421400
20110615,24.75,25.5,25,25.5,556400
20110616,24.75,25.25,25,25,3.87M
20110617,24.75,25.25,25,25,2.71M
20110620,24.75,25,24.75,25,1.09M
20110621,24.75,25.25,25,24.75,3.63M
20110622,24.75,25.5,25,25,672700
20110623,25,25.5,25.25,25,930500
20110624,25,25.5,25.25,25.25,432400
20110627,25.25,25.5,25.25,25.25,473400
20110628,25.25,25.75,25.25,25.25,4.47M
20110629,25,25.75,25.5,25.25,1.76M
20110630,25,26,25.75,25.5,1.88M
20110701,25.5,26,25.5,25.75,1.55M
20110704,25,25.5,25.25,25.5,5.03M
20110705,25,25.5,25.25,25.25,483500
20110706,25,25.25,25,25.25,1.16M
20110707,25,25.25,25,25,2.11M
20110708,25,25.25,25,25,2.11M
20110711,23.75,25,24,25,295900
20110712,23.75,24.25,23.75,24,1.44M
20110713,23,24,23.25,23.75,3.09M
20110714,22.75,23.25,23,23.25,981500
20110715,23,23.5,23,23,1.33M
20110718,22.5,23.5,23,23,657800
20110719,22.75,23.25,23,23,2.88M
20110720,22.5,23,22.75,23,1.31M
20110721,22.25,22.75,22.5,22.75,1.76M
20110722,22,23,22.5,22.5,968500
20110725,22.5,23.75,23,22.5,1.77M
20110726,23.25,24,23.75,23,716200
20110727,23.5,24.25,23.75,23.75,2.35M
20110728,23.75,24,23.75,23.75,5.61M
20110729,23,24,23,23.75,332000
20110801,23,23.5,23.25,23,112200
20110802,23,23.5,23,23.25,466300
20110803,23,23.5,23,23,6.47M
20110804,23,23.5,23,23,1.16M
20110805,22,23.5,22.25,23,2.25M
20110808,22,22.75,22.25,22.25,1.73M
20110809,20.25,22.5,20.5,22.25,1.85M
20110810,20.25,21,20.75,20.5,1.95M
20110811,20.5,21,20.75,20.75,3.27M
20110812,20.75,21,20.75,20.75,522900
20110815,20.75,21.5,20.75,20.75,103600
20110816,20.5,21.25,20.75,20.75,5.35M
20110817,20.5,21,20.5,20.75,2.49M
20110818,20.5,21,20.5,20.5,1.59M
20110819,20.25,21,20.25,20.5,3.95M
20110822,20.25,21,20.25,20.25,352000
20110823,20,20.5,20.25,20.25,201900
20110824,19.75,20.25,19.95,20.25,2.14M
20110825,19.8,20,19.9,19.95,1.03M
20110826,19.5,20,19.9,19.9,1.12M
20110829,19.25,19.9,19.6,19.9,197100
20110830,19,19.5,19.4,19.6,590000
20110831,19,19.5,19.4,19.6,590000
20110901,18.8,19.5,19,19.4,81700
20110902,18.9,19.4,18.95,19,2.05M
20110905,18,19,18.5,18.95,108300
20110906,17.65,18.5,18,18.5,274800
20110907,17.5,18,17.9,18,117500
20110908,17.6,18,17.7,17.9,114100
20110909,17.7,18.9,18.05,17.7,3.92M
20110912,18.45,19,18.55,18.05,362500
20110913,18.8,19.5,19,18.55,8.79M
20110914,19,19.5,19,19,7.19M
20110915,19,19.5,19.05,19,341500
20110916,18.9,19.5,19.05,19.05,2.31M
20110919,18.8,19.2,18.95,19.05,1.07M
20110920,18.7,18.9,18.75,18.95,207100
20110921,18,19,18.8,18.75,467400
20110922,18.5,18.9,18.65,18.8,3.91M
20110923,18,18.8,18.5,18.65,1.17M
20110926,18.05,18.8,18.3,18.5,90600
20110927,18,18.5,18.25,18.3,50900
20110928,17.8,18.2,17.95,18.25,1.27M
20110929,17.25,18.2,17.8,17.95,279600
20110930,17.5,17.8,17.65,17.8,339300
20111003,16.5,17.8,17.2,17.65,86800
20111004,17.05,17.5,17.2,17.2,1.74M
20111005,17.05,17.7,17.55,17.2,14.39M
20111006,16.95,17.55,17,17.55,1.47M
20111007,16.55,17.2,16.95,17,1.40M
20111010,17,17.4,17,16.95,3.17M
20111011,17,17.35,17,17,1.03M
20111012,17,17.3,17,17,7.10M
20111013,17,17.5,17,17,2.33M
20111014,17.05,17.8,17.55,17,75300
20111017,17.25,17.6,17.45,17.55,291800
20111018,17.5,18.5,17.75,17.45,61400
20111019,18,19,18.45,17.75,117900
20111021,19,19.5,19,18.45,4.41M
20111024,18.5,19.25,18.95,19,2.01M
20111025,18.85,19,18.9,18.95,216900
20111026,18.85,19,18.95,18.9,951900
20111027,19,19.5,19,18.95,6.61M
20111028,19,19.5,19.45,19,5.30M
20111031,19.5,20,19.75,19.45,465800
20111101,19.8,21,20,19.75,251700
20111102,19,21,19.85,20,786300
20111103,18.95,19.45,18.95,19.85,3.12M
20111104,19,19.5,19.25,18.95,44400
20111107,19.15,19.9,19.5,19.25,808000
20111108,19.15,19.9,19.5,19.25,808000
20111109,19.5,19.9,19.75,19.5,1.79M
20111110,19.8,20,19.95,19.75,3.10M
20111111,19.7,20,19.8,19.95,661200
20111114,19.8,20.5,19.95,19.8,2.26M
20111115,19.5,20,19.9,19.95,2.19M
20111116,19.5,19.95,19.6,19.9,681900
20111117,19.05,19.8,19.45,19.6,2.73M
20111118,19.1,19.6,19.45,19.45,787600
20111121,19.1,19.65,19.4,19.45,2.88M
20111122,19.05,19.65,19.45,19.4,1.32M
20111123,18.8,19.5,19,19.45,4.80M
20111124,18,19,18.75,19,232000
20111125,17.1,18.65,18,18.75,1.05M
20111128,17.6,18,17.95,18,1.22M
20111129,17.55,18,17.85,17.95,1.28M
20111130,17.5,17.9,17.5,17.85,3.08M
20111201,17.25,17.85,17.5,17.5,1.77M
20111202,17.3,17.5,17.35,17.5,48700
20111205,17.2,17.45,17.25,17.35,2.99M
20111206,17.2,17.5,17.35,17.25,2.23M
20111207,17.3,17.9,17.35,17.35,316600
20111208,17.3,17.9,17.3,17.35,1.19M
20111209,17,17.9,17.25,17.3,840900
20111213,17.25,17.5,17.3,17.25,7.39M
20111214,16.55,17.5,17,17.3,7.77M
20111215,17,17.4,17,17,1.74M
20111216,16.5,17.25,17,17,4.46M
20111219,16.9,17.25,16.95,17,3.13M
20111220,16.95,17,16.95,16.95,2.38M
20111221,16.5,17,16.85,16.95,1.35M
20111222,16.65,17,16.85,16.85,884800
20111223,16.5,17,16.8,16.85,300500
20111227,16.5,16.8,16.7,16.8,108700
20111228,16.5,16.8,16.7,16.7,186800
20111229,16.35,16.8,16.55,16.7,612000
20111230,16,16.7,16.4,16.55,353300
20120103,16.5,17,16.7,16.4,141700
20120104,16.4,16.8,16.55,16.7,912500
20120105,15.8,16.75,16.15,16.55,748700
20120106,15.5,16,15.8,16.15,3.51M
20120109,15.8,16.5,15.95,15.8,1.09M
20120110,15.9,16.35,16,15.95,1.32M
20120111,15.9,16,15.95,16,464700
20120112,15.9,16,15.95,15.95,437400
20120113,15.9,16,15.9,15.95,1.01M
20120116,15.9,15.95,15.9,15.9,176400
20120117,15.9,15.95,15.9,15.9,1.49M
20120118,15.9,15.95,15.9,15.9,681200
20120119,15.9,16,15.9,15.9,2.10M
20120120,15.8,16.1,15.9,15.9,12.70M
20120123,15.85,16.1,15.95,15.9,2.23M
20120124,15.9,16.65,15.95,15.95,8.86M
20120125,16,16.8,16.5,15.95,4.86M
20120126,16.3,17,16.65,16.5,6.75M
20120127,17,17.2,17,16.65,15.42M
20120130,17.3,18,17.5,17,407300
20120131,17.5,18,17.7,17.5,502800
20120201,17.3,17.8,17.5,17.7,3.47M
20120202,17.25,17.5,17.3,17.5,930600
20120203,17.1,17.5,17.3,17.3,133800
20120206,17.3,17.5,17.35,17.3,638700
20120207,17.3,17.55,17.45,17.35,656500
20120208,17.55,17.65,17.55,17.45,385900
20120209,17.6,17.85,17.7,17.55,494800
20120210,17.8,18.45,18.05,17.7,1.23M
20120213,18.2,18.95,18.6,18.05,2.71M
20120214,18.8,19,18.85,18.6,205100
20120215,18.9,19,18.9,18.85,403500
20120216,18.95,19.5,19,18.9,226600
20120217,19,19.3,19.05,19,99300
20120220,18.95,19.25,19,19.05,743300
20120221,18.9,19.05,18.95,19,631100
20120222,18.8,19,18.95,18.95,905900
20120223,18.95,19.05,18.95,18.95,1.67M
20120224,18.95,19.2,19,18.95,756200
20120227,19.05,19.2,19.1,19,808100
20120228,19.05,19.25,19.05,19.1,2.16M
20120229,18.8,19.1,18.95,19.05,1.31M
20120301,18,18.8,18.5,18.95,4.18M
20120302,18.65,19.1,18.95,18.5,9.84M
20120305,19,19.4,19.05,18.95,3.35M
20120306,19.1,19.6,19.4,19.05,1.80M
20120307,19.4,19.9,19.6,19.4,1.17M
20120308,18.9,19.95,19.45,19.6,2.73M
20120309,18.55,19.25,19,19.45,469800
20120312,18.5,19,18.75,19,893500
20120313,18.5,18.95,18.5,18.75,5.22M
20120314,18.4,18.75,18.5,18.5,5.26M
20120315,18.25,18.75,18.5,18.5,4.98M
20120316,17.5,18.75,18.45,18.5,5.33M
20120319,17.05,18.5,17.3,18.45,756000
20120320,17,17.5,17.45,17.3,14.10M
20120321,17.05,18,17.55,17.45,3.26M
20120322,18,18.75,18.3,17.55,282600
20120323,18.5,19.1,18.65,18.3,5.63M
20120326,19,19.2,19.1,18.65,382700
20120327,19.1,19.5,19.3,19.1,5.25M
20120328,19.3,19.55,19.45,19.3,2.03M
20120329,19.15,19.45,19.2,19.45,1.65M
20120330,19.15,19.3,19.2,19.2,923400
20120402,19.1,19.3,19.2,19.2,300400
20120403,19.25,19.35,19.25,19.2,477800
20120404,19.3,19.5,19.4,19.25,4.63M
20120405,19.4,19.6,19.4,19.4,7.51M
20120410,19.5,19.95,19.5,19.4,2.00M
20120411,19.5,19.7,19.55,19.5,2.12M
20120412,19.5,19.6,19.5,19.55,5.16M
20120413,19.55,20.25,19.95,19.5,12.49M
20120416,19.55,20,19.75,19.95,1.31M
20120417,19.75,20,19.9,19.75,1.91M
20120418,19.8,20,19.85,19.9,892800
20120419,19.9,20,19.9,19.85,836300
20120420,19.9,20,19.95,19.9,1.26M
20120423,19.85,21,20,19.95,5.02M
20120424,19.85,21,20,19.95,5.02M
20120425,21,21.75,21.25,20,9.39M
20120426,20.5,21.25,20.75,21.25,2.37M
20120427,20.5,21,20.5,20.75,2.85M
20120430,20.5,21,20.75,20.5,150600
20120502,20.75,21,20.75,20.75,4.90M
20120503,20.25,21,20.75,20.75,1.08M
20120504,20.25,21,20.75,20.75,3.50M
20120507,20.25,21,20.75,20.75,6.78M
20120508,20.5,21,20.5,20.75,447500
20120509,20,20.75,20.5,20.5,937900
20120510,20,20.5,20,20.5,531800
20120511,20,20.5,20.25,20,546200
20120514,20.25,21,20.5,20.25,1.28M
20120515,20.75,21,20.75,20.5,2.43M
20120516,20.5,21,20.5,20.75,3.86M
20120517,20.25,21,20.5,20.5,1.03M
20120518,20.25,21,20.5,20.5,3.23M
20120521,20.5,21,20.5,20.5,2.72M
20120522,20.5,20.75,20.5,20.5,961800
20120523,20.5,20.75,20.5,20.5,2.19M
20120524,20.5,21,20.75,20.5,1.68M
20120525,21,21.5,21,20.75,420800
20120528,21,21.75,21.25,21,742400
20120529,21,21.5,21,21.25,1.75M
20120530,21,21.5,21,21,3.95M
20120531,20.75,21.25,21,21,1.52M
20120604,20.5,21,20.75,21,1.31M
20120605,20,20.75,20.25,20.75,262200
20120606,20.25,20.75,20.25,20.25,601100
20120607,20.25,20.75,20.25,20.25,969900
20120608,20,20.75,20.25,20.25,2.15M
20120611,19.9,20.5,20,20.25,477500
20120612,20.25,20.75,20.25,20,2.31M
20120613,20.5,21.5,20.75,20.25,16.16M
20120614,21,21.75,21.25,20.75,334700
20120615,21.5,22.5,21.75,21.25,1.01M
20120618,21.75,22.5,22.25,21.75,1.39M
20120619,22.5,23,22.5,22.25,1.97M
20120620,22.75,23,22.75,22.5,1.14M
20120621,22.75,23.25,22.75,22.75,1.73M
20120622,22.5,23,22.75,22.75,1.02M
20120625,21.5,22.75,21.75,22.75,1.14M
20120626,21,22.75,21.5,21.75,2.33M
20120627,20.75,21.75,21,21.5,19.70M
20120628,21,21.5,21.25,21,132800
20120629,21.25,21.5,21.25,21.25,1.03M
20120702,21,22,21.5,21.25,206200
20120703,21,22,21.25,21.5,7.48M
20120704,21.25,22,21.5,21.25,5.20M
20120705,21.25,22,21.25,21.5,1.51M
20120706,21.25,22,21.25,21.25,1.78M
20120709,21,22,21.25,21.25,109000
20120710,21,22,21.25,21.25,337000
20120711,21.5,22,21.5,21.25,894200
20120712,21.5,22.5,21.5,21.5,3.44M
20120713,21.5,22.25,21.5,21.5,115300
20120716,21.5,21.75,21.5,21.5,1.37M
20120717,21.5,22,21.5,21.5,431500
20120718,21.5,22,21.75,21.5,189600
20120719,21.75,22.25,22,21.75,1.88M
20120720,22,22.5,22,22,327500
20120723,22.25,22.5,22.25,22,106900
20120724,22.25,22.75,22.25,22.25,2.07M
20120725,22.75,23,22.75,22.25,3.66M
20120726,22.5,23,22.5,22.75,564100
20120727,22.5,23,22.5,22.5,1.17M
20120730,21.75,22.75,22.25,22.5,1.52M
20120731,21.5,22,21.5,22.25,686600
20120801,21.25,21.75,21.25,21.5,3.68M
20120802,21.25,21.75,21.25,21.25,2.86M
20120803,21,21.5,21.25,21.25,1.40M
20120806,21,21.5,21,21.25,2.37M
20120807,21,21.5,21.25,21,1.16M
20120808,21.25,21.5,21.25,21.25,5.12M
20120809,21,21.5,21.25,21.25,7.88M
20120810,21,21.5,21,21.25,5.44M
20120813,21,21.75,21.25,21,2.85M
20120814,21.25,21.75,21.25,21.25,1.16M
20120815,21.25,21.5,21.25,21.25,1.68M
20120816,21.25,21.5,21.25,21.25,363400
20120817,21,21.5,21.25,21.25,6.99M
20120820,21,21.5,21.25,21.25,6.99M
20120821,21,21.5,21,21.25,74900
20120822,21,21.25,21,21,88600
20120823,21.25,21.75,21.25,21,3.99M
20120824,21.5,22,21.5,21.25,345100
20120827,21.5,22,21.75,21.5,778300
20120828,21.75,22,21.75,21.75,533200
20120829,21.75,22.25,22,21.75,1.54M
20120830,22.25,23,22.25,22,1.85M
20120831,22.5,23,22.5,22.25,574800
20120903,22.5,23.25,22.75,22.5,734100
20120904,23,23.75,23.5,22.75,391400
20120905,23,24,23.5,23.5,1.22M
20120906,22,23.5,22.5,23.5,688400
20120907,22,23,22.25,22.5,292400
20120910,21.75,23,22.25,22.25,1.16M
20120911,22.5,23.75,23,22.25,1.51M
20120912,23.25,24,23.75,23,1.35M
20120913,23.5,24,23.5,23.75,778100
20120914,23.5,24.25,23.75,23.5,2.24M
20120917,23.5,24,23.75,23.75,514300
20120918,23.5,24.25,23.75,23.75,1.40M
20120919,23,24,23.75,23.75,1.92M
20120920,23,23.75,23.5,23.75,2.42M
20120921,23,23.75,23.25,23.5,2.98M
20120924,23.5,23.75,23.5,23.25,1.30M
20120925,23.5,23.75,23.5,23.5,612300
20120926,23.5,24,23.5,23.5,2.74M
20120927,22.5,23.75,23.25,23.5,3.64M
20120928,22.5,23.5,23.25,23.25,379400
20121001,22.5,23,22.75,23.25,1.28M
20121002,22.5,23,22.75,22.75,106200
20121003,22.5,23,22.5,22.75,4.71M
20121004,22.75,23.5,23,22.5,378700
20121005,23,23.75,23.5,23,3.08M
20121008,23.25,23.5,23.25,23.5,1.72M
20121009,23,23.5,23,23.25,592900
20121010,23,23.25,23,23,5.20M
20121011,23,23.5,23,23,2.37M
20121012,23.25,23.5,23.25,23,119300
20121015,23,24,23.5,23.25,1.03M
20121016,23,23.75,23.5,23.5,1.05M
20121017,23.25,24,23.75,23.5,2.97M
20121018,23.75,24.25,24,23.75,3.56M
20121019,23.5,24.25,23.75,24,4.88M
20121022,23.25,24,23.25,23.75,6.03M
20121023,23.5,24,23.5,23.25,2.82M
20121024,23.25,23.75,23.5,23.5,3.08M
20121025,23,23.5,23.25,23.5,2.09M
20121026,23.25,23.75,23.5,23.25,7.05M
20121029,23.5,24,23.75,23.5,450500
20121030,23.75,24.5,24,23.75,1.89M
20121031,24.25,25,24.25,24,2.15M
20121101,24,24.5,24.25,24.25,3.04M
20121102,23.75,24.5,24,24.25,4.33M
20121105,23.75,24.5,24.25,24,1.33M
20121106,24,24.75,24.25,24.25,2.81M
20121107,24.25,24.75,24.5,24.25,6.08M
20121108,24.25,24.5,24.25,24.5,534600
20121109,24.25,24.75,24.25,24.25,173700
20121112,24.25,24.75,24.25,24.25,78800
20121113,24.25,25,24.5,24.25,4.53M
20121114,24.5,25.25,24.75,24.5,985000
20121115,24.75,25.25,25,24.75,1.17M
20121116,24.75,25.25,24.75,25,86200
20121119,24.5,25,24.5,24.75,3.49M
20121120,24.25,24.75,24.25,24.5,3.09M
20121121,24,24.5,24.25,24.25,4.59M
20121122,22.25,24,23.5,24.25,6.29M
20121123,23.25,24.5,24,23.5,4.10M
20121126,23.75,24.5,23.75,24,1.89M
20121127,24,24.5,24,23.75,1.55M
20121128,24,24.5,24.25,24,2.01M
20121129,23.5,24.25,23.75,24.25,971800
20121130,23.25,23.75,23.25,23.75,33700
20121203,22.75,23.75,23,23.25,522400
20121204,23,23.5,23,23,1.11M
20121205,23,23.5,23,23,2.14M
20121206,23,23.5,23,23,1.23M
20121207,23,23.5,23.25,23,628200
20121210,23,23.75,23.5,23.25,408100
20121211,23,23.75,23.25,23.5,1.71M
20121213,23.25,24,23.5,23.25,7.57M
20121214,23,23.75,23.25,23.5,2.41M
20121217,23.25,23.75,23.25,23.25,667400
20121218,23.25,23.75,23.5,23.25,668800
20121219,23.5,23.75,23.5,23.5,153800
20121220,23.5,24.25,23.75,23.5,1.95M
20121221,23,24,23.5,23.75,424300
20121224,23.5,24,23.5,23.5,488300
20121227,23.5,24,23.75,23.5,216700
20121228,23.75,24,23.75,23.75,692200
20121231,23.75,24,23.75,23.75,251900
20130102,23.75,24,23.75,23.75,118500
20130103,23.75,24,23.75,23.75,119800
20130104,23.75,24.25,24,23.75,217500
20130107,23.75,24,23.75,24,85200
20130108,23.75,24.5,24,23.75,261800
20130109,24,26.25,25.25,24,326300
20130110,25.5,26.5,25.75,25.25,169600
20130111,25.5,26,25.5,25.75,1.40M
20130114,25.75,26,25.75,25.5,644200
20130115,26,27,26.25,25.75,631800
20130116,26.75,28,27.25,26.25,1.20M
20130117,26,27.5,26.5,27.25,1.17M
20130118,25.5,26.75,25.75,26.5,297800
20130121,25.5,26,25.5,25.75,775800
20130122,25.5,26.25,26,25.5,1.87M
20130123,25.5,26.25,25.75,26,606700
20130124,25.5,26,25.75,25.75,595400
20130125,25.75,26.25,25.75,25.75,1.35M
20130128,26,26.5,26,25.75,100400
20130129,26,26.5,26.25,26,1.21M
20130130,26,26.5,26.25,26.25,1.17M
20130131,26,27,26.25,26.25,879200
20130201,26,27,26.5,26.25,194800
20130204,26.5,27,26.5,26.5,405400
20130205,26.5,27.25,26.75,26.5,2.09M
20130206,26.75,27.25,27,26.75,529500
20130207,27.25,27.5,27.25,27,1.17M
20130208,27.25,27.75,27.5,27.25,1.78M
20130211,27.5,28,27.75,27.5,832400
20130212,27.5,28,27.5,27.75,946000
20130213,27.75,28,27.75,27.5,167300
20130214,27.75,28,27.75,27.75,1.22M
20130215,27.75,28.75,28,27.75,959000
20130218,27.25,28,27.5,28,197000
20130219,27,27.75,27.5,27.5,3.07M
20130220,27,27.75,27.25,27.5,2.26M
20130221,27,27.25,27,27.25,1.86M
20130222,26.5,27.25,26.75,27,146400
20130225,26,27,26.5,26.75,802500
20130226,26.75,27.25,26.75,26.5,155400
20130227,27,28,27.75,26.75,1.63M
20130228,28,28.5,28.25,27.75,485300
20130301,28.25,28.5,28.25,28.25,1.79M
20130304,28.25,28.5,28.25,28.25,1.79M
20130305,28.25,29.75,28.5,28.25,1.02M
20130306,29.5,31.25,30,28.5,530300
20130307,29.5,30,29.75,30,538500
20130308,29.75,30.5,30,29.75,2.73M
20130311,30,33,31.25,30,3.24M
20130312,33,34.25,33.5,31.25,1.20M
20130313,31,33.5,31.5,33.5,6.58M
20130314,30.5,31.75,31,31.5,1.57M
20130315,29.25,31,30,31,7.83M
20130318,28.5,30.75,29,30,464500
20130319,29.25,30.5,29.75,29,6.37M
20130320,30,30.75,30,29.75,2.22M
20130321,30,30.25,30,30,6.75M
20130322,30,30.25,30,30,1.25M
20130325,30,30.5,30,30,632200
20130326,30.25,32,30.5,30,726200
20130327,32,33.5,33.25,30.5,2.07M
20130328,32.5,35,33.25,33.25,1.69M
20130402,33.5,36.5,35.5,33.25,898000
20130403,35,36.5,35.5,35.5,2.44M
20130404,34,35.5,34.75,35.5,1.07M
20130405,34,35.5,34.75,34.75,527700
20130408,34.75,36,35.5,34.75,349400
20130409,34.75,36,35.5,34.75,349400
20130410,35.5,36,35.75,35.5,1.06M
20130411,34.75,36,35.5,35.75,1.52M
20130412,34,35.25,35,35.5,1.18M
20130415,34,35,34.5,35,332100
20130416,33.5,35,34,34.5,656100
20130417,33,34,33.5,34,3.53M
20130418,32.75,34,33.25,33.5,1.57M
20130419,32.75,33.25,33,33.25,494400
20130422,32.75,33.25,32.75,33,331100
20130423,32,33,32.5,32.75,91100
20130424,32.5,33,32.75,32.5,2.74M
20130425,32.25,33,32.5,32.75,2.35M
20130426,32,32.75,32,32.5,331900
20130429,31.5,32.5,31.75,32,806200
20130430,30,32,31.25,31.75,2.16M
20130502,31,31.75,31.25,31.25,493300
20130503,31,31.5,31,31.25,6.51M
20130506,31,31.5,31.25,31,1.02M
20130507,31.25,32,31.5,31.25,5.08M
20130508,31.75,34,32.25,31.5,2.47M
20130509,32.75,34,33.25,32.25,870800
20130510,33.25,34,33.5,33.25,1.41M
20130513,33,33.5,33.25,33.5,1.28M
20130514,32.5,33.25,32.75,33.25,253700
20130515,32.75,34,33,32.75,3.70M
20130516,34,35,34.5,33,1.33M
20130517,34.75,35,34.75,34.5,1.52M
20130520,34.75,35.25,34.75,34.75,111300
20130521,34.75,35.5,35,34.75,847600
20130522,35,35.25,35,35,1.19M
20130523,35,35.5,35,35,548800
20130524,35,35.5,35,35,344600
20130527,35.25,35.75,35.5,35,141500
20130528,35.5,36.5,36.25,35.5,723700
20130529,35,36.25,35.25,36.25,258400
20130530,35.5,36,35.75,35.25,360500
20130531,36,36.25,36,35.75,3.15M
20130603,35.5,36,35.75,36,1.53M
20130604,35.5,35.75,35.5,35.75,4.09M
20130605,35,36,35.25,35.5,555600
20130606,34,35.5,34.75,35.25,1.98M
20130607,34,35,34.75,34.75,4.39M
20130610,34.25,35,34.5,34.75,610700
20130611,33.75,34.75,34,34.5,2.19M
20130612,32.5,34,33.5,34,2.13M
20130613,32.5,33.75,33,33.5,836100
20130614,31.25,33,32.25,33,524600
20130617,31,32,31.25,32.25,703500
20130618,31.25,32.5,31.5,31.25,6.95M
20130619,32,34.5,32.25,31.5,3.28M
20130620,33,34.5,33.75,32.25,3.21M
20130621,32,34,32.5,33.75,3.02M
20130624,31.25,33.5,31.5,32.5,6.08M
20130625,31.5,32.5,31.5,31.5,3.28M
20130626,31.25,32,31.5,31.5,2.04M
20130627,31.5,32,31.5,31.5,845500
20130628,31.25,32,31.25,31.5,632200
20130701,31,31.5,31.25,31.25,3.99M
20130702,31,31.75,31.25,31.25,3.00M
20130703,31.25,32,31.5,31.25,4.26M
20130704,31.5,32,31.75,31.5,61100
20130705,31.5,32.5,32,31.75,2.00M
20130708,32.25,34,33.25,32,190600
20130709,33.25,34.25,33.75,33.25,3.15M
20130710,33,33.75,33.25,33.75,637300
20130711,33,34,33.5,33.25,2.30M
20130712,33.5,34,33.75,33.5,1.36M
20130715,33.5,34,33.5,33.75,557300
20130716,33.25,33.75,33.5,33.5,2.28M
20130717,33.5,34,33.5,33.5,2.68M
20130718,33.5,34.25,33.75,33.5,2.42M
20130719,33.5,34,33.5,33.75,1.51M
20130722,33.25,34.25,33.5,33.5,1.42M
20130723,33.25,34,33.25,33.5,570100
20130724,33.25,33.75,33.25,33.25,4.62M
20130725,33,33.75,33.5,33.25,738200
20130726,33.5,34,33.5,33.5,1.52M
20130729,33.5,34,33.5,33.5,450000
20130730,32.75,34,33.25,33.5,2.63M
20130731,33,33.5,33,33.25,325600
20130801,33,33.5,33.25,33,488100
20130802,33,33.25,33,33.25,840600
20130805,33,33.5,33.25,33,1.92M
20130806,33.25,34,33.75,33.25,513000
20130807,33.5,34,33.5,33.75,143300
20130808,33.75,34,33.75,33.5,616200
20130809,33.75,34,33.75,33.5,616200
20130812,33.75,34.25,33.75,33.75,1.39M
20130813,33.75,34,33.75,33.75,446900
20130814,33.75,34.5,34,33.75,832500
20130815,34,35,34.75,34,1.12M
20130816,34.5,35.75,35,34.75,7.85M
20130819,35,35.5,35.25,35,1.59M
20130820,34.5,35.25,34.75,35.25,1.47M
20130821,34.5,35.25,34.75,34.75,580100
20130822,34.25,34.75,34.5,34.75,2.62M
20130823,34,35,34.25,34.5,1.44M
20130826,34,34.75,34.5,34.25,14.03M
20130827,33.75,34.5,34,34.5,852300
20130828,33,34,33.25,34,2.12M
20130829,30.5,33.5,32.75,33.25,6.18M
20130830,32.25,33,32.5,32.75,4.20M
20130902,32.5,34,32.75,32.5,75600
20130903,33.25,34,33.75,32.75,498400
20130904,33.75,35,34.25,33.75,3.60M
20130905,34,34.5,34.25,34.25,3.24M
20130906,33.25,34.25,33.5,34.25,3.12M
20130909,33,33.75,33.25,33.5,5.50M
20130910,33.5,33.75,33.5,33.25,272500
20130911,33.25,33.75,33.25,33.5,1.74M
20130912,33.25,33.75,33.25,33.25,1.33M
20130913,33,33.5,33.25,33.25,1.59M
20130916,33.25,33.75,33.25,33.25,649900
20130917,33.25,34,33.5,33.25,3.54M
20130918,33.25,33.5,33.25,33.5,2.33M
20130919,33,34,33.5,33.25,1.90M
20130920,33.5,34.25,33.75,33.5,2.07M
20130923,33.5,34.5,34.25,33.75,444700
20130924,34,34.5,34.25,34.25,1.88M
20130925,33.75,34.25,34,34.25,390600
20130926,34,34.5,34.25,34,951000
20130927,34,34.5,34.25,34.25,833700
20130930,34,34.5,34,34.25,1.68M
20131001,34,34.5,34,34.25,1.68M
20131002,33.5,34.25,33.75,34,5.05M
20131003,33.75,34.25,33.75,33.75,720600
20131004,34,34.75,34.25,33.75,3.12M
20131007,34.5,36,35.5,34.25,3.55M
20131008,35.75,38,37.25,35.5,6.12M
20131009,35.75,36.5,36.25,37.25,2.33M
20131010,36.25,36.75,36.25,36.25,1.91M
20131011,36,36.5,36.25,36.25,2.62M
20131014,36,38.75,36.25,36.25,1.55M
20131015,35.75,36.25,36,36.25,2.21M
20131016,35.75,36,35.75,36,316800
20131017,35.75,36,35.75,35.75,312700
20131018,35.75,36,35.75,35.75,946500
20131022,35,36.5,35.5,35.75,483800
20131023,34.75,35.75,35,35.5,3.78M
20131024,35,36,35,35,3.02M
20131025,34.75,35.25,34.75,35,2.78M
20131028,34.75,35.25,35,34.75,2.04M
20131029,34.75,35.25,35,34.75,2.04M
20131030,34.75,36,35,35,7.40M
20131031,35.25,35.75,35.5,35,5.17M
20131101,35.5,36,35.75,35.5,993200
20131104,34.5,35.75,34.75,35.75,4.80M
20131105,34.75,35,34.75,34.75,1.07M
20131106,34.75,35,34.75,34.75,1.69M
20131107,34,34.75,34.25,34.75,187400
20131108,34,35.25,34.25,34.25,152000
20131111,34,34.5,34.25,34.25,347600
20131112,34,35,34.5,34.25,1.36M
20131113,34.25,35,34.75,34.5,559600
20131114,34.75,35.25,35,34.75,1.33M
20131115,35,35.5,35.25,35,507600
20131118,35.25,36.75,36,35.25,1.98M
20131119,35.5,35.75,35.5,36,989400
20131120,35.25,35.75,35.5,35.5,1.41M
20131121,35.25,35.75,35.25,35.5,2.60M
20131122,34.75,35.5,35,35.25,677200
20131125,34.75,35.5,35,35,1.19M
20131126,34.75,36,35,35,3.51M
20131127,35.25,35.5,35.25,35,377200
20131128,35.5,35.75,35.5,35.25,928600
20131129,35.25,35.75,35.5,35.5,291400
20131202,35,35.5,35,35.5,440900
20131203,35,35.25,35,35,4.00M
20131204,34,35,34.25,35,1.74M
20131205,33.5,34.5,34,34.25,2.01M
20131206,32.75,34,33.5,34,396300
20131209,33.5,35.25,33.5,33.5,1.03M
20131210,32.75,34,33.5,33.5,2.30M
20131211,33.25,34,33.25,33.5,871200
20131213,33.25,34,33.25,33.5,871200
20131216,33.25,34.5,33.25,33.25,2.14M
20131217,32.5,33.5,33,33.25,2.71M
20131218,32,33,32.25,33,774800
20131219,32,32.75,32.25,32.25,741600
20131220,30.5,33,31.5,32.25,2.00M
20131223,30.75,32,31,31.5,1.58M
20131224,30.5,31.5,31,31,1.50M
20131227,30.75,31.5,30.75,31,1.38M
20131230,30.75,31.75,31.25,30.75,3.47M
20131231,30,32,30.75,31.25,1.93M
20140102,31,31.5,31,30.75,3.56M
20140103,31.5,33.25,31.75,31,1.21M
20140106,32.75,33.25,33,31.75,1.45M
20140107,33,35,34.75,33,936600
20140108,34,35,34.25,34.75,518500
20140109,33.75,34.5,34,34.25,2.46M
20140110,33,34.25,33.25,34,1.53M
20140113,33,34.25,33.75,33.25,319700
20140114,33.25,34.5,33.75,33.75,4.18M
20140115,32.75,33.5,33,33.75,3.58M
20140116,32.75,33.5,32.75,33,782400
20140117,32,33,32.25,32.75,1.68M
20140120,31.75,33,32,32.25,6.07M
20140121,32.75,33.5,32.75,32,4.58M
20140122,32.25,33.5,32.5,32.75,1.13M
20140123,32,33,32.25,32.5,6.10M
20140124,32.5,33,32.75,32.25,1.91M
20140127,32.25,33.5,32.75,32.75,1.16M
20140128,32.5,33,32.75,32.75,1.09M
20140129,32,33,32,32.75,3.92M
20140130,31,32.5,31.5,32,3.08M
20140131,30,31.5,31,31.5,751300
20140203,29.5,30.5,29.75,31,3.62M
20140204,30,32,30.5,29.75,4.31M
20140205,31.5,32,31.5,30.5,848000
20140206,31.25,32.5,31.75,31.5,1.91M
20140207,31.25,32,31.5,31.75,3.67M
20140210,31.75,32.5,32.25,31.5,418200
20140211,32.5,33.25,32.75,32.25,7.72M
20140212,33,34,33.25,32.75,6.79M
20140213,33,34.5,33,33.25,2.82M
20140214,32.5,33.5,33,33,773900
20140217,32,32.75,32.25,33,276100
20140218,32,32.75,32.25,32.25,955600
20140219,32,32.75,32,32.25,2.49M
20140220,32,33,32.25,32,4.95M
20140221,31.5,32.5,32,32.25,1.95M
20140224,31.5,32.25,31.75,32,642900
20140225,31.75,32.75,32,31.75,8.11M
20140226,31.75,33,32,32,3.29M
20140227,31.75,32,31.75,32,2.93M
20140228,32,33,32.25,31.75,4.03M
20140303,32,33,32.25,32.25,2.45M
20140304,32,32.25,32,32.25,363200
20140305,32,32.25,32,32,5.05M
20140306,32,34,33.25,32,534700
20140307,33.25,33.75,33.5,33.25,2.14M
20140310,33.5,33.75,33.5,33.5,890800
20140311,33.25,33.75,33.5,33.5,631300
20140312,33.25,33.75,33.25,33.5,5.27M
20140313,33.5,34,33.75,33.25,1.33M
20140314,33.5,34.5,34,33.75,1.71M
20140317,31,33,31.75,34,2.87M
20140318,31,31.75,31.25,31.75,4.42M
20140319,31.25,31.75,31.25,31.25,4.18M
20140320,31,32,31.5,31.25,1.42M
20140321,31.75,32.5,32,31.5,2.74M
20140324,32,32.5,32,32,1.31M
20140325,31.75,32.25,32,32,985500
20140326,31.5,32,31.75,32,218700
20140327,31.5,32,31.75,31.75,736400
20140328,31.75,32.25,31.75,31.75,3.00M
20140331,31.5,32.5,31.75,31.75,1.83M
20140401,31.5,32,31.5,31.75,712600
20140402,31.5,31.75,31.5,31.5,1.71M
20140403,31.5,32,31.75,31.5,1.02M
20140404,31.5,32,31.75,31.75,7.91M
20140407,31.75,32.5,32,31.75,1.88M
20140408,31.75,32.5,31.75,32,5.69M
20140409,32,32.25,32,31.75,997900
20140410,31.75,32.25,31.75,32,735500
20140411,32,32.5,32.25,31.75,1.31M
20140414,32,33,32.5,32.25,1.08M
20140415,31.5,32.75,32,32.5,1.12M
20140416,32,32.5,32.25,32,1.93M
20140417,32.25,33.5,32.75,32.25,3.88M
20140422,33,34.75,34,32.75,2.95M
20140423,34.5,36.25,35.75,34,10.51M
20140424,35,36,35.5,35.75,5.57M
20140425,35.75,36.75,36.25,35.5,2.50M
20140428,36.5,38,37.25,36.25,2.32M
20140429,37.5,39.75,38.75,37.25,6.63M
20140430,38,39.5,38.25,38.75,2.09M
20140502,38,39,38.5,38.25,6.63M
20140505,38.25,39.5,38.75,38.5,987800
20140506,38.5,39.5,38.75,38.75,10.11M
20140507,38.5,39.5,39.25,38.75,2.51M
20140508,39,42,40.75,39.25,10.75M
20140509,40.5,42.25,41,40.75,3.20M
20140512,40,41.5,40.75,41,2.99M
20140513,39.75,41,40.75,40.75,11.08M
20140514,40,40.75,40.25,40.75,273700
20140515,39.5,40,39.5,40.25,11.44M
20140516,38.5,40,39,39.5,510100
20140519,37.5,38.5,37.75,39,1.47M
20140520,37.25,38.5,37.75,37.75,1.69M
20140521,37.75,38.75,38,37.75,2.09M
20140522,38,39.75,38.75,38,17.25M
20140523,39,40.5,39.75,38.75,2.10M
20140526,39.75,40.75,40.25,39.75,685600
20140527,40,41,40.25,40.25,977500
20140528,40.25,40.75,40.25,40.25,2.35M
20140529,40.5,41.75,41,40.25,3.70M
20140530,41,42.5,41.75,41,8.63M
20140603,41,41.75,41.25,41.75,6.82M
20140604,40.5,41.75,41.5,41.25,3.05M
20140605,41.5,42,41.75,41.5,3.32M
20140606,41.5,42,41.75,41.75,2.29M
20140609,41.75,42.75,42,41.75,818600
20140610,42.25,45.5,43.25,42,2.38M
20140611,42,43,42.75,43.25,3.40M
20140612,42,43,42,42.75,1.22M
20140613,42,43.5,42.75,42,3.38M
20140616,42.75,44,42.75,42.75,2.27M
20140617,43,43.75,43.25,42.75,945600
20140618,43.5,45,44.25,43.25,1.83M
20140619,44.25,45,44.5,44.25,6.23M
20140620,44,44.75,44.25,44.5,1.51M
20140623,44,44.5,44.25,44.25,3.03M
20140624,44,44.5,44.25,44.25,3.93M
20140625,44.25,45,44.75,44.25,3.38M
20140626,44.75,45.5,45,44.75,2.13M
20140627,45,46,45.5,45,2.69M
20140630,45.25,47,46,45.5,1.01M
20140701,46.25,48,47,46,764000
20140702,46.5,50,47.25,47,1.60M
20140703,45.75,47.25,46.25,47.25,2.44M
20140704,45,46.75,45.5,46.25,497500
20140707,44.5,45,44.75,45.5,310400
20140708,44.75,45.5,45,44.75,4.15M
20140709,44.5,45,44.5,45,9.49M
20140710,44,44.75,44.25,44.5,2.23M
20140711,43,44.5,43.5,44.25,4.44M
20140714,43.5,45.5,44.5,43.5,755100
20140715,44.75,45.75,45,44.5,4.92M
20140716,44,45.75,45.25,45,4.13M
20140717,45.5,46.25,46,45.25,3.79M
20140718,46,46.5,46,46,407800
20140721,45.25,47,45.75,46,1.32M
20140722,45.5,46,45.75,45.75,1.78M
20140723,45,45.75,45.5,45.75,2.24M
20140724,43.5,45.75,44.75,45.5,2.12M
20140725,43,45.5,44.75,44.75,700900
20140728,44.25,45.25,44.75,44.75,636500
20140729,44.25,45.25,44.75,44.75,636500
20140730,45,46,45,44.75,894300
20140731,44,46,45.25,45,827100
20140801,45.25,46.25,45.5,45.25,936700
20140804,45.75,47,46.25,45.5,3.60M
20140805,46,46.5,46.25,46.25,698300
20140806,46.25,46.5,46.25,46.25,641700
20140807,46,46.5,46,46.25,1.07M
20140808,45.75,46.25,46,46,658100
20140811,45.5,46.25,45.75,46,982000
20140812,45,46,45,45.75,396600
20140813,45,46,45.25,45,592200
20140814,45,46,45.75,45.25,3.13M
20140815,45.25,46.25,45.5,45.75,3.27M
20140818,45.25,46.5,45.75,45.5,1.58M
20140819,45.5,46,45.75,45.75,1.09M
20140820,45.75,46.25,46,45.75,1.03M
20140821,45.5,46.25,45.75,46,705100
20140822,45.5,46.25,45.75,45.75,597400
20140825,46,46.25,46,45.75,1.03M
20140826,45.75,46.25,45.75,46,408200
20140827,45.75,46.5,46,45.75,754900
20140828,46,46.25,46,46,531700
20140829,46,47,46.75,46,298000
20140901,47,49.5,48,46.75,1.04M
20140902,48,49,48.75,48,1.46M
20140903,48,49.25,48.5,48.75,1.38M
20140904,48,49,48.5,48.5,3.66M
20140905,47.75,48.5,47.75,48.5,305000
20140908,47.5,48.5,48,47.75,627900
20140909,47.75,48.5,48,48,1.49M
20140910,48,48.5,48,48,894100
20140911,48.25,50,48.75,48,529100
20140912,49,52.5,50.5,48.75,2.34M
20140915,51.5,54,52.5,50.5,3.25M
20140916,50.5,54,53,52.5,2.68M
20140917,50,53.5,51.5,53,1.50M
20140918,53,56.5,54.5,51.5,2.95M
20140919,56,59.5,57,54.5,2.07M
20140922,57.5,60,58.5,57,4.43M
20140923,55,63,59,58.5,3.50M
20140924,53.5,57.5,54.5,59,3.30M
20140925,50,55,52,54.5,2.97M
20140926,52.5,54,53.5,52,977800
20140929,53,54,53.5,53.5,1.19M
20140930,51,54,51.5,53.5,6.18M
20141001,50,52.5,50.5,51.5,7.56M
20141002,49.5,51,49.75,50.5,1.85M
20141003,50.5,53,50.5,49.75,1.12M
20141006,50.5,52,50.5,50.5,1.69M
20141007,50.5,51.5,50.5,50.5,5.90M
20141008,50,51.5,50.5,50.5,1.99M
20141009,49.5,50.5,49.75,50.5,1.21M
20141010,49,50,49.25,49.75,438300
20141013,48.75,49.25,48.75,49.25,1.64M
20141014,48.5,49.25,48.75,48.75,4.28M
20141015,49,49.75,49.25,48.75,2.24M
20141016,49.5,51.5,50.5,49.25,2.59M
20141017,50,51.5,50.5,50.5,1.49M
20141021,50.5,52,50.5,50.5,397700
20141022,50.5,52,51,50.5,1.80M
20141023,50.5,51.5,51,51,1.93M
20141024,50.5,52,51,51,505700
20141027,50,52,50.5,51,1.01M
20141028,50.5,51,50.5,50.5,4.76M
20141029,50.5,51.5,50.5,50.5,4.36M
20141030,50.5,51.5,50.5,50.5,5.55M
20141031,50,52,50.5,50.5,2.32M
20141103,50,52,50,50.5,1.92M
20141104,48.5,50,49.25,50,952700
20141105,48,49.5,48.25,49.25,3.42M
20141106,48,49,48.25,48.25,824000
20141107,48.5,49,48.5,48.25,2.52M
20141110,48.5,50,49.25,48.5,737700
20141111,49.25,50,49.25,49.25,513800
20141112,49.75,51,50,49.25,6.30M
20141113,50,51,50,50,683400
20141114,50,51,50.5,50,2.05M
20141117,50,51,50,50.5,194100
20141118,48.5,50.5,49.5,50,169800
20141119,48.5,50,49,49.5,1.32M
20141120,48.25,50,48.5,49,1.06M
20141121,47.5,48.75,48,48.5,2.77M
20141124,46.25,48,47.25,48,275800
20141125,46,47.25,46.25,47.25,1.49M
20141126,46,48.5,47.5,46.25,2.78M
20141127,48,50,49.5,47.5,6.50M
20141128,49.5,50.5,49.75,49.5,2.95M
20141201,49.75,50.5,50,49.75,580300
20141202,49.75,51,50,50,1.34M
20141203,50,50.5,50,50,1.61M
20141204,50,50.5,50,50,1.12M
20141205,50,51,50.5,50,1.80M
20141208,50,52,51,50.5,6.76M
20141209,50,52,50.5,51,1.97M
20141210,50,51,50,50.5,3.54M
20141211,49.75,51,50,50,5.61M
20141215,49.75,51,50,50,3.57M
20141216,50.5,51.5,51,50,13.06M
20141217,49.5,51.5,50,51,2.25M
20141218,47.5,50,48.25,50,2.92M
20141219,48,50,48.25,48.25,1.43M
20141222,47,49,47.75,48.25,1.28M
20141223,47,48.25,47.5,47.75,3.61M
20141224,47.75,48.5,47.75,47.5,227300
20141229,48,51,50,47.75,833500
20141230,50,51.5,51,50,2.55M
20141231,50,52,50,51,546600
20150102,50,51,50.5,50,215900
20150105,49.5,51,49.75,50.5,326300
20150106,49,50,49.5,49.75,319900
20150107,49,50,49.5,49.5,1.01M
20150108,49,50,49.5,49.5,295200
20150109,48.75,49.75,49,49.5,289300
20150112,48.75,49.5,49,49,932500
20150113,49,51,49.75,49,509900
20150114,50,52,50.5,49.75,1.27M
20150115,49.75,51.5,51,50.5,1.56M
20150116,50.5,52,51.5,51,4.84M
20150119,51.5,53,52,51.5,353400
20150120,50.5,53,51,52,2.28M
20150121,50,52,51,51,1.06M
20150122,51.5,53.5,52,51,1.12M
20150123,53,56,55,52,2.58M
20150126,53,55,54,55,1.09M
20150127,53,54.5,54,54,1.51M
20150128,53,55,53.5,54,2.31M
20150129,53.5,54.5,53.5,53.5,1.14M
20150130,53.5,54.5,54,53.5,368000
20150202,53.5,54.5,53.5,54,627700
20150203,53.5,54.5,53.5,53.5,705400
20150204,53.5,54,53.5,53.5,739800
20150205,53,54,53.5,53.5,1.13M
20150206,52.5,54,53,53.5,1.11M
20150209,52.5,53.5,52.5,53,1.64M
20150210,51.5,52.5,52,52.5,734400
20150211,51.5,53.5,53,52,433300
20150212,53,54.5,53.5,53,816200
20150213,52.5,53.5,53,53.5,336700
20150216,53,55,53.5,53,2.19M
20150217,53.5,54,53.5,53.5,643800
20150218,53.5,54.5,54,53.5,4.58M
20150219,54,55,54,54,799800
20150220,54,55,54.5,54,890300
20150223,54,55.5,54.5,54.5,3.93M
20150224,54.5,55.5,55,54.5,3.10M
20150225,55,56.5,55.5,55,3.27M
20150226,54,56.5,55,55.5,4.96M
20150227,53,55.5,53.5,55,888500
20150302,53,54,53.5,53.5,1.68M
20150303,53,54,53,53.5,1.34M
20150304,52.5,53.5,53,53,1.87M
20150305,50,53,51.5,53,6.81M
20150306,51,53,51.5,51.5,2.98M
20150309,50,51.5,50.5,51.5,3.21M
20150310,51,53.5,52,50.5,9.02M
20150311,52,53.5,52.5,52,4.04M
20150312,51.5,52.5,52,52.5,3.24M
20150313,51.5,52.5,52,52,2.10M
20150316,51.5,52.5,51.5,52,2.88M
20150317,51.5,52.5,51.5,51.5,4.70M
20150318,51.5,52.5,52,51.5,819800
20150319,52,53,52,52,1.22M
20150320,50,52.5,51,52,1.09M
20150323,47.5,50,49.25,51,1.04M
20150324,49,50,49.25,49.25,3.51M
20150325,49.5,50,49.5,49.25,1.17M
20150326,49.5,50.5,49.75,49.5,4.59M
20150327,50,52,51,49.75,1.19M
20150330,51,52.5,51.5,51,1.76M
20150331,51,52.5,52,51.5,2.76M
20150401,50.5,53,52,52,7.47M
20150402,50,52.5,51,52,1.55M
20150407,49.5,51,49.5,51,1.15M
20150408,49,49.75,49.5,49.5,2.69M
20150409,46.5,49.5,47.5,49.5,968700
20150410,47.5,49.5,48.25,47.5,2.67M
20150413,47.75,48.5,48,48.25,950800
20150414,47,48.25,47.75,48,1.87M
20150415,45,47.5,46,47.75,1.93M
20150416,46,46.75,46,46,2.32M
20150417,46.25,47.5,47,46,1.95M
20150420,47.25,48,47.5,47,804600
20150421,48,48.75,48.25,47.5,2.68M
20150422,47.75,49.25,48,48.25,1.40M
20150423,48,50.5,49.25,48,4.06M
20150424,49.5,50.5,49.5,49.25,5.71M
20150427,49.5,50.5,49.5,49.5,554800
20150428,49.5,50,49.5,49.5,695100
20150429,49.5,50,49.5,49.5,886000
20150430,49,50,49.25,49.5,1.22M
20150504,49.25,50,49.5,49.25,2.49M
20150505,48,49.75,49,49.5,963700
20150506,46.75,49,47.25,49,1.80M
20150507,45.25,49,45.5,47.25,3.66M
20150508,45.75,47.5,46.5,45.5,854500
20150511,46.5,48,46.75,46.5,4.21M
20150512,46.75,48,47.5,46.75,504500
20150513,46.5,48,47.5,47.5,9.59M
20150514,47.5,49,47.75,47.5,379000
20150515,47.75,49.5,49.25,47.75,9.92M
20150518,48.5,49.5,49,49.25,1.00M
20150519,48,50,48,49,399900
20150520,47.75,49,48,48,638500
20150521,47.5,48,47.5,48,880800
20150522,46.5,48,46.75,47.5,1.33M
20150525,46.5,47.5,47,46.75,434700
20150526,47.25,48,47.5,47,315800
20150527,47.5,48,47.75,47.5,4.69M
20150528,47.25,48,47.5,47.75,3.67M
20150529,47,48,47.25,47.5,5.44M
20150602,47.5,48,47.75,47.25,3.17M
20150603,47.5,48,47.75,47.75,6.20M
20150604,47,48,47.25,47.75,861800
20150605,47,47.75,47.25,47.25,116900
20150608,47,47.75,47,47.25,1.73M
20150609,47,47.5,47,47,816300
20150610,46.75,47,46.75,47,3.03M
20150611,46,47,46.5,46.75,1.79M
20150612,46.25,47,46.5,46.5,753500
20150615,46.5,47,46.75,46.5,150000
20150616,46.25,47,46.5,46.75,1.05M
20150617,46,46.5,46.25,46.5,428200
20150618,45.75,46.5,46,46.25,11.43M
20150619,45.75,46,45.75,46,111000
20150622,45.75,46.25,45.75,45.75,390500
20150623,45.75,46.25,45.75,45.75,274900
20150624,45.75,47,46,45.75,228300
20150625,45.75,46.25,46,46,2.28M
20150626,46,46.5,46,46,4.13M
20150629,46,47,46.25,46,2.09M
20150630,46.25,47.5,47.25,46.25,156.71M
20150701,45.75,47.5,46,47.25,5.50M
20150702,45.25,47,45.5,46,328900
20150703,45,45.75,45.25,45.5,3.22M
20150706,45.75,47.5,47.25,45.25,18.83M
20150707,45.75,47,46,47.25,7.86M
20150708,45,46,45,46,3.48M
20150709,44.5,46,44.75,45,8.03M
20150710,44.5,46,44.75,45,8.03M
20150713,44.75,46.25,44.75,44.75,1.56M
20150714,45,46,45,44.75,427400
20150715,45,47.5,47.25,45,45.13M
20150716,45,46,45.25,47.25,2.97M
20150717,44.75,45.5,45,45.25,1.01M
20150720,44.5,45.25,45,45,1.11M
20150721,44.5,45,44.75,45,431800
20150722,44.25,45.25,44.5,44.75,693900
20150723,40.75,44.5,42.5,44.5,1.00M
20150724,41.5,44,42,42.5,1.90M
20150727,40,42.25,41.5,42,2.76M
20150728,40.5,41.5,41,41.5,9.08M
20150729,40.5,41.5,40.75,41,3.19M
20150730,40.75,43,41,40.75,224800
20150731,37,43,39.25,41,10.57M
20150803,37.5,40,37.75,39.25,3.65M
20150804,38,39.25,38.75,37.75,7.51M
20150805,39,40,39.25,38.75,19.66M
20150806,39.5,42.75,40,39.25,6.28M
20150807,42.5,44,43.25,40,1.48M
20150810,42.5,44,42.75,43.25,2.03M
20150811,42.75,43.5,43,42.75,990700
20150812,41.75,43.25,42.5,43,187400
20150813,41.5,42.75,42,42.5,2.31M
20150814,42,42.75,42,42,210000
20150817,41.75,42.5,42,42,2.30M
20150818,40.5,42,41.75,42,893800
20150819,40.5,41.75,40.75,41.75,146600
20150820,40,41.75,40,40.75,81.90M
20150821,39.5,41.75,40,40,36.76M
20150824,39,40.5,39.75,40,2.25M
20150825,39,40,39,39.75,425200
20150826,38,39,38.25,39,2.28M
20150827,36.5,38,36.75,38.25,1.41M
20150828,37.5,40,38.5,36.75,2.68M
20150831,39,42,40.5,38.5,1.70M
20150901,41,42,41.5,40.5,2.14M
20150902,41,42,41.5,41.5,709700
20150903,41.25,42,41.5,41.5,234600
20150904,41.5,43,41.75,41.5,1.42M
20150907,42,43,42.25,41.75,38900
20150908,42,44,43,42.25,285100
20150909,43.25,45,44.25,43,975000
20150910,44.5,46,45.25,44.25,1.84M
20150911,44.5,45.25,44.75,45.25,1.23M
20150914,45,47,46.25,44.75,998400
20150915,46.5,48.5,47.5,46.25,2.38M
20150916,46.5,48.5,47.75,47.5,2.35M
20150917,44.5,47.75,45.5,47.75,532500
20150918,44.5,46,44.75,45.5,3.67M
20150921,44,45,44.25,44.75,519700
20150922,44.5,46.5,45.25,44.25,522700
20150923,45.5,46.5,45.75,45.25,184000
20150924,46,47.25,46.25,45.75,2.57M
20150925,45.75,47,46.25,46.25,2.83M
20150928,45.5,46,45.5,46.25,1.30M
20150929,44.25,45.75,44.5,45.5,556700
20150930,44.75,46,45,44.5,597900
20151001,44.75,45.5,44.75,45,2.64M
20151002,44.75,45,44.75,44.75,4.00M
20151005,44.75,45.5,45,44.75,251900
20151006,44.75,45.5,45,44.75,251900
20151007,44.5,45.75,44.75,45,12.79M
20151008,45,45.5,45,44.75,684700
20151009,44.25,45.5,45,45,980000
20151012,44,45.5,44.5,45,2.22M
20151013,40.5,44.75,43.25,44.5,5.99M
20151014,40,43.25,40,43.25,24.45M
20151015,40.75,42.5,41,40,8.63M
20151016,41,42,41,41,5.46M
20151019,41,42,41.25,41,378300
20151021,41.25,42,41.5,41.25,1.39M
20151022,41,41.75,41.25,41.5,2.29M
20151023,41,42,41,41.25,19.93M
20151026,41,41.75,41.25,41,578400
20151027,41,42,41,41.25,1.39M
20151028,40.5,42,41,41,8.24M
20151029,41.25,45,44.75,41,73.20M
20151030,41.5,43,41.75,44.75,1.31M
20151102,41.75,42.75,41.75,41.75,2.58M
20151103,41.5,42,41.5,41.75,1.37M
20151104,41.5,42,41.5,41.5,2.07M
20151105,41,42,41.5,41.5,27.62M
20151106,41.5,42.5,41.75,41.5,1.74M
20151109,42,42.5,42,41.75,225400
20151110,42,42.5,42,42,3.84M
20151111,41.75,42.5,42,42,811900
20151112,40.5,42.5,41.5,42,337500
20151113,40,42,40,41.5,882600
20151116,40,41.5,41,40,8.11M
20151117,41,41.75,41,41,4.41M
20151118,41.25,42,41.25,41,730900
20151119,41.5,42.25,41.75,41.25,1.62M
20151120,41.75,42,41.75,41.75,9.73M
20151123,41.5,42,41.5,41.75,2.62M
20151124,41.5,42.5,41.75,41.5,246200
20151125,41.75,42.5,41.75,41.75,220400
20151126,41.75,42.5,41.75,41.75,220400
20151127,41.5,42,41.75,41.75,2.47M
20151130,41.5,42,41.75,41.75,3.37M
20151201,41.5,42.25,41.75,41.75,472900
20151202,41.75,42,41.75,41.75,4.19M
20151203,41.5,42,41.5,41.75,847800
20151204,41,42,41.5,41.5,4.78M
20151207,41.25,41.75,41.5,41.5,1.60M
20151208,41,42,41.25,41.5,4.37M
20151209,40,41.5,41,41.25,995000
20151210,40.5,41.5,41,41,3.46M
20151211,40.25,41.5,40.75,41,440200
20151214,39.75,40.5,40,40.75,287300
20151215,39.75,40.75,40,40,8.36M
20151216,39,43,42,40,12.16M
20151217,39,40,39.25,42,311000
20151218,39,40,39,39.25,4.82M
20151221,39,42.25,42,39,10.57M
20151222,39.25,40.75,40.25,42,13.58M
20151223,39.75,40.5,40.25,40.25,18.68M
20151224,39.75,41,40,40.25,1.03M
20151228,40,41,40,40,4.39M
20151229,39.75,40.5,39.75,40,5.09M
20151230,39.25,40,39.25,39.75,16.81M
20151231,40,40,40,39.25,17700
20160104,40,41,40.75,40,1.19M
20160105,39.25,41,40.25,40.75,1.04M
20160106,39.75,41,40,40.25,251400
20160107,39,41,39.25,40,2.79M
20160108,38,40,38.5,39.25,5.39M
20160111,39,40,39,38.5,518300
20160112,38.5,40,38.75,39,1.59M
20160113,39,40,39.25,38.75,8.48M
20160114,39,39.75,39,39.25,2.30M
20160115,39.5,40.5,40,39,711100
20160118,39.75,40.75,39.75,40,694600
20160119,39,40,39.5,39.75,766700
20160120,37,39.5,38.5,39.5,3.70M
20160121,38,39,38.25,38.5,4.49M
20160122,38,39,38.5,38.25,1.26M
20160125,37.5,39,38,38.5,4.28M
20160126,37.25,38.25,38,38,4.84M
20160127,37.5,38,37.75,38,1.95M
20160128,37.75,38.5,38,37.75,388900
20160129,38.5,39,38.5,38,539100
20160201,38.5,39,38.5,38,539100
20160202,38.75,39,38.75,38.5,878800
20160203,38.75,39.5,38.75,38.75,4.47M
20160204,38.5,39,38.5,38.75,515500
20160205,38.5,39.5,38.75,38.5,3.69M
20160208,39,40,39.25,38.75,1.39M
20160209,39.5,41,40,39.25,410000
20160210,40.25,41,40.5,40,1.24M
20160211,39.5,41,40,40.5,1.37M
20160212,39.5,40.5,39.75,40,1.38M
20160215,39.75,40,39.75,39.75,280600
20160216,39.75,40.25,39.75,39.75,783600
20160217,39,40,39.75,39.75,798600
20160218,39.5,40,39.75,39.75,1.41M
20160219,39.5,40,39.5,39.75,395700
20160222,38.5,39.75,39.25,39.5,351500
20160223,38.5,39.75,39,39.25,110700
20160224,39,39.75,39.25,39,3.58M
20160225,39,39.5,39,39.25,3.52M
20160226,38,40,39,39,760700
20160229,38.75,40,39,39,389900
20160301,38.75,40,39,39,774800
20160302,39,40.5,39.75,39,5.21M
20160303,39.75,43,40.75,39.75,754300
20160304,41.5,43,42.75,40.75,605800
20160307,42,43,42.5,42.75,590600
20160308,39.75,42.75,40.75,42.5,2.17M
20160309,41.25,42.5,41.5,40.75,1.57M
20160310,41.5,42.25,42,41.5,1.63M
20160311,41.5,42,41.75,42,3.20M
20160314,41.5,42,41.75,41.75,942000
20160315,41.5,42,41.75,41.75,888200
20160316,41.25,41.75,41.5,41.75,5.20M
20160317,41.5,41.75,41.5,41.5,1.79M
20160318,41.5,42.25,41.75,41.5,5.19M
20160321,38,41.5,39.75,41.75,1.55M
20160322,39.75,41,40.5,39.75,2.64M
20160323,40,41.5,41,40.5,3.12M
20160324,40.5,41.25,40.75,41,2.31M
20160329,39.5,41,40,40.75,1.63M
20160330,39.5,40.5,39.75,40,996900
20160331,40,40.75,40.25,39.75,1.17M
20160401,40,40.5,40,40.25,1.35M
20160404,40.25,40.75,40.25,40,243500
20160405,40,41,40.5,40.25,7.00M
20160406,40.5,41,40.75,40.5,210200
20160407,40.25,41.25,40.75,40.75,1.02M
20160408,40,40.75,40.25,40.75,3.38M
20160411,39.75,40.5,40.25,40.25,1.10M
20160412,40,41,40.25,40.25,4.47M
20160413,39.75,40.5,40,40.25,3.01M
20160414,39.5,40.25,39.75,40,4.30M
20160415,39.5,40,39.75,39.75,557100
20160418,38.5,39.75,38.75,39.75,556400
20160419,38.75,39,38.75,38.75,5.95M
20160420,38.75,40,39,38.75,9.95M
20160421,39,40.5,40,39,2.89M
20160422,40,41,40.5,40,1.24M
20160425,40,41,40,40.5,203100
20160426,40,40.25,40,40,2.57M
20160427,39.5,40.5,40,40,70000
20160428,39,40.5,40,40,329900
20160429,40,40.25,40,40,518600
20160503,40,40.5,40,40,3.87M
20160504,40,40.25,40,40,5.07M
20160505,40,40.25,40,40,74400
20160506,40,40.25,40,40,1.78M
20160509,39.75,40.25,39.75,40,2.02M
20160510,39.75,40.25,40,39.75,3.12M
20160511,40,41,40.25,40,9.14M
20160512,40.25,41,40.25,40.25,244800
20160513,40,40.5,40.25,40.25,1.23M
20160516,40,40.5,40,40.25,1.14M
20160517,39.25,40,39.5,40,75800
20160518,39.5,40.25,39.75,39.5,3.80M
20160519,39.5,41,40.25,39.75,2.53M
20160520,40.25,41.75,40.5,40.25,1.64M
20160523,40.5,41,40.5,40.5,145400
20160524,40,40.75,40.25,40.5,5.07M
20160525,39.25,40.25,39.75,40.25,9.18M
20160526,38,40,39.25,39.75,77800
20160527,39,40.5,40,39.25,1.52M
20160530,39.25,40,39.5,40,381400
20160531,39.25,40,39.5,39.5,1.40M
20160602,39.25,40.5,39.75,39.5,6.23M
20160603,39.75,40,39.75,39.75,1.04M
20160606,39.5,40,39.75,39.75,5.28M
20160607,39.75,40.5,39.75,39.75,4.83M
20160608,39,40,39.75,39.75,3.87M
20160609,39,40.5,39.75,39.75,506200
20160610,40,40.5,40,39.75,349400
20160613,39.5,40.5,40,40,1.69M
20160614,40,41,40,40,2.28M
20160615,40,40.5,40.25,40,4.24M
20160616,39.75,40.75,39.75,40.25,621800
20160617,39.5,40.5,40,39.75,944300
20160620,39.75,40.25,40,40,3.88M
20160621,39.75,40,39.75,40,13.89M
20160622,39.5,40.5,39.75,39.75,1.49M
20160623,39,40,39.5,39.75,592800
20160624,38.25,39.5,38.5,39.5,9.27M
20160627,37.5,38.75,38.25,38.5,3.28M
20160628,37.5,38.5,37.75,38.25,65200
20160629,37.5,38.5,37.75,37.75,8.99M
20160630,38,38.75,38.25,37.75,4.80M
20160701,38.5,40,39,38.25,9.48M
20160704,38.5,40,39.25,39,8.00M
20160705,39.25,40,39.5,39.25,22.18M
20160706,39.5,40.25,39.75,39.5,872300
20160707,39.5,40.25,39.75,39.5,872300
20160708,39.5,40.5,39.75,39.75,947000
20160711,39.5,40,39.5,39.75,1.62M
20160712,39.25,39.75,39.5,39.5,3.86M
20160713,38,39.75,39.25,39.5,3.17M
20160714,37.5,39,38.5,39.25,16.41M
20160715,38,38.5,38.25,38.5,654400
20160718,37.5,38,37.5,38.25,70700
20160719,36.5,37.25,36.75,37.5,13.07M
20160720,36.25,38,36.75,36.75,11.60M
20160721,36.75,37,36.75,36.75,2.58M
20160722,36.75,37,36.75,36.75,4.54M
20160725,36.75,38,37.25,36.75,114600
20160726,37,39,37.5,37.25,1.18M
20160727,37.5,39.5,38.75,37.5,4.91M
20160728,37.5,39.75,39,38.75,6.42M
20160729,37.5,39,37.75,39,3.10M
20160801,37.5,38.75,37.5,37.75,3.39M
20160802,37.25,38,37.5,37.5,839700
20160803,37.75,38,37.75,37.5,6.75M
20160804,37.5,38.5,38,37.75,482000
20160805,38,39.25,38,38,80800
20160808,38,38.25,38,38,665000
20160809,37.75,38.5,38,38,439100
20160810,37.5,38,37.5,38,300700
20160811,37.25,38.25,37.75,37.5,926500
20160812,37.5,38.75,38.25,37.75,1.04M
20160815,38,39,38.25,38.25,639900
20160816,38.25,39,38.5,38.25,4.95M
20160817,38,38.5,38.25,38.5,3.90M
20160818,38,38.5,38.25,38.25,1.44M
20160819,37.5,38.25,37.75,38.25,1.67M
20160822,36.5,38.25,37,37.75,1.25M
20160823,35.25,36.75,36.25,37,784400
20160824,35.75,37,36,36.25,2.17M
20160825,32.5,33.5,32.75,36,16600
20160826,29.5,29.5,29.5,32.75,12800
20160829,26.75,26.75,26.75,29.5,16.28M
20160830,24.25,27,25.5,26.75,30.20M
20160831,26.5,28,27.5,25.5,10.05M
20160901,26.75,28.5,27,27.5,9.43M
20160902,26,27,26.5,27,11.98M
20160905,25.5,27,26.25,26.5,15.05M
20160906,26,26.75,26,26.25,1.17M
20160907,26,26.75,26,26,13.30M
20160908,26.25,26.5,26.25,26,2.74M
20160909,26,27,26,26.25,4.70M
20160912,26,27,26,26.25,4.70M
20160913,25.5,27,26,26,3.29M
20160914,25.25,26,25.5,26,7.39M
20160915,25.25,26,25.5,25.5,3.92M
20160916,25.5,25.75,25.5,25.5,409500
20160919,25,25.75,25.5,25.5,1.26M
20160920,25.5,26.25,25.75,25.5,985400
20160921,25.75,26.75,26,25.75,2.29M
20160922,26,26.75,26.5,26,16.90M
20160923,26.5,26.75,26.5,26.5,1.67M
20160926,26.75,27.5,26.75,26.5,5.02M
20160927,27.25,28,27.5,26.75,883600
20160928,28,30,28.5,27.5,5.62M
20160929,29.5,31,29.75,28.5,1.78M
20160930,30,32.5,30.75,29.75,4.56M
20161003,32,33.5,32.5,30.75,4.94M
20161004,30.75,35.25,31,32.5,988900
20161005,30.75,33,30.75,31,1.25M
20161006,29.75,31,30,30.75,2.44M
20161007,29.75,30.25,30,30,1.13M
20161010,29.75,32.25,29.75,30,4.41M
20161011,30,31,30.25,29.75,3.76M
20161012,30,30.5,30.25,30.25,1.92M
20161013,30.75,31.5,30.75,30.25,156300
20161014,30.75,31.5,31,30.75,803700
20161017,30.25,31.25,30.5,31,3.65M
20161018,30.75,32,31,30.5,69300
20161019,31,31.25,31,31,160000
20161021,30,31,30.5,31,499300
20161024,30.25,31,30.75,30.5,82800
20161025,30.25,31,30.75,30.75,5.80M
20161026,30.75,31,30.75,30.75,60000
20161027,30.5,31.5,30.75,30.75,100100
20161028,30.75,31,30.75,30.75,152600
20161031,30.5,31,30.75,30.75,408700
20161101,30.25,31,30.5,30.75,157200
20161102,30.5,31,30.5,30.5,635400
20161103,30.5,31,30.5,30.5,635400
20161104,30.5,32,30.75,30.5,1.29M
20161107,30.75,31.5,30.75,30.75,3.06M
20161108,31,31.5,31,30.75,1.94M
20161109,31,32,31.75,31,5.85M
20161110,31,31.75,31.5,31.75,2.01M
20161111,31,32,31.25,31.5,1.03M
20161114,31.5,32.5,32,31.25,1.61M
20161115,31.5,32.5,32,32,250000
20161116,32.25,33,32.5,32,1.69M
20161117,32,32.5,32.25,32.5,3.35M
20161118,31.75,32.5,32,32.25,900800
20161121,31.75,32.75,31.75,32,545400
20161122,31.75,32,31.75,31.75,1.67M
20161123,31.25,32,31.5,31.75,273400
20161124,30.75,31.5,31,31.5,487200
20161125,30,31,30.25,31,300800
20161128,30,30.75,30,30.25,52600
20161129,29.75,30.5,30,30,2.05M
20161130,30,31,30,30,2.60M
20161201,29.5,30.5,30,30,27800
20161202,29.75,30.5,30,30,7.41M
20161205,30,31,30,30,2.07M
20161206,29.5,32,30,30,5.07M
20161207,29.75,30.5,30,30,139600
20161208,30,31,30,30,1.47M
20161209,30,30.5,30,30,46100
20161213,30,30.5,30,30,4.54M
20161214,30,30.5,30,30,966200
20161215,30,30.5,30,30,1.46M
20161216,30,30.25,30,30,3.30M
20161219,30,30.25,30,30,1.51M
20161220,30,30.5,30.25,30,851400
20161221,30,31,30,30.25,984300
20161222,30,31,30,30,418600
20161223,30,30.25,30,30,201600
20161227,30,30.25,30,30,201600
20161228,29.5,31.75,29.75,30,100200
20161229,29,30.25,29.75,29.75,139000
20161230,30,30.25,30,29.75,24000
20170103,30,30,30,30,1.99M
20170104,30,30.25,30,30,184000
20170105,29,30.25,29.75,30,2.57M
20170106,28.25,29.75,28.75,29.75,2.12M
20170109,27.5,29,28.25,28.75,100700
20170110,27.25,28,27.5,28.25,226100
20170111,25.5,27.75,26.75,27.5,150100
20170112,25,26.75,26.25,26.75,1.15M
20170113,25.5,27,25.75,26.25,5.06M
20170116,26.75,28,26.75,25.75,130100
20170117,26.25,27,26.75,26.75,229700
20170118,25.75,27.25,25.75,26.75,677700
20170119,26,27,26,25.75,1.93M
20170120,25.75,27,26,26,808800
20170123,25.75,27,26,26,2.25M
20170124,25.5,26.5,25.75,26,86300
20170125,25.75,26,25.75,25.75,219900
20170126,25.5,26,25.5,25.75,164600
20170127,24,25.75,24.5,25.5,121300
20170130,23.5,24,23.5,24.5,5.34M
20170131,23.5,25.5,24.25,23.5,25800
20170201,24,25.5,24.25,24.25,3.30M
20170202,24.5,25.25,24.5,24.25,109100
20170203,25,26.75,25,24.5,3.39M
20170206,25,26,25.5,25,1.76M
20170207,26,27.25,26,25.5,2.07M
20170208,26.5,27.25,26.75,26,9.69M
20170209,27.25,28,27.25,26.75,184500
20170210,27,28,27,27.25,3.49M
20170213,26.5,27.25,27,27,826900
20170214,26.75,27.25,26.75,27,503300
20170215,26.25,27.25,26.75,26.75,65600
20170216,27,28,27,26.75,3.74M
20170217,26.75,28.75,27.25,27,23300
20170220,26.75,28,27,27.25,36900
20170221,27,27.5,27,27,6.51M
20170222,26.75,27.25,27,27,1.06M
20170223,26.75,27,26.75,27,280600
20170224,26.5,27.5,26.75,26.75,106900
20170227,26.5,28,26.75,26.75,2.05M
20170228,25.25,27,26.25,26.75,301900
20170301,25.5,26.25,26,26.25,114100
20170302,25.75,26.25,25.75,26,1.13M
20170303,25.5,26,25.75,25.75,112000
20170306,25.75,26,25.75,25.75,161900
20170307,25.25,26,25.5,25.75,1.73M
20170308,25.75,26,25.75,25.5,194300
20170309,26,27,26.5,25.75,4.97M
20170310,26.75,28.5,27,26.5,1.43M
20170313,27,29.5,28.75,27,1.37M
20170314,29,30.25,29,28.75,12.13M
20170315,27.5,29.25,27.75,29,956700
20170316,27.75,29,28.25,27.75,262700
20170317,28.25,29.5,28.75,28.25,515500
20170320,29,29.75,29.5,28.75,445500
20170321,29.5,30,29.5,29.5,5.88M
20170322,29.75,30,29.75,29.5,2.79M
20170323,29.75,30.5,30,29.75,411800
20170324,29.75,30.5,30.25,30,783000
20170327,30.25,31,30.5,30.25,5.05M
20170328,30.75,32,31.25,30.5,1.36M
20170329,31.25,33,32.5,31.25,3.26M
20170330,32.75,33.5,32.75,32.5,762400
20170331,32.75,33.25,32.75,32.75,755500
20170403,32.25,33.25,33,32.75,527400
20170404,33,33.75,33.25,33,152100
20170405,33,34.5,33.75,33.25,1.42M
20170406,34,34.75,34.25,33.75,305000
20170407,34.25,35,34.75,34.25,5.68M
20170410,34,35,34,34.75,1.81M
20170411,31.75,34.25,32,34,165200
20170412,31,34,32.75,32,2.60M
20170413,32.5,35,33,32.75,1.29M
20170418,31.75,33.5,32.75,33,3.29M
20170419,31,33,32.5,32.75,1.06M
20170420,32,34,32.75,32.5,663400
20170421,32.75,33.5,32.75,32.75,333700
20170424,33,33.5,33,32.75,506500
20170425,33,35,33.25,33,5.74M
20170426,33.5,34.25,33.75,33.25,2.75M
20170427,33.5,34.25,33.75,33.75,316900
20170428,32.75,34,33,33.75,8.61M
20170502,32.5,33.75,33,33,649800
20170503,32.5,33.75,33,33,88400
20170504,32.5,33.75,33,33,88400
20170505,33.75,35,34.5,33,531300
20170508,32,34,32.75,34.5,782500
20170509,32,33.5,32.5,32.75,213100
20170510,31,33,32.25,32.5,4.07M
20170511,31,33.5,32,32.25,434000
20170512,32.5,33.5,32.75,32,474400
20170515,32.75,33.75,32.75,32.75,358100
20170516,32.25,33.75,33,32.75,784400
20170517,33,34,33.5,33,3.31M
20170518,34,35.5,34.5,33.5,689000
20170519,34.75,35.75,35,34.5,44300
20170522,35,36,35.5,35,83600
20170523,35,36.75,36,35.5,1.33M
20170524,36.5,38.75,38,36,1.52M
20170525,37,38.5,37.75,38,480800
20170526,37.75,38.25,38,37.75,1.82M
20170529,35.5,38,36.75,38,163800
20170530,35.5,38.25,37.75,36.75,928200
20170531,36.75,38.5,38,37.75,1.25M
20170602,38.75,40,39.25,38,526700
20170605,39.25,40,39.25,39.25,2.14M
20170606,39,40,39.25,39.25,1.33M
20170607,39,39.75,39.25,39.25,721300
20170608,39.25,39.75,39.25,39.25,455000
20170609,39.25,39.75,39.25,39.25,455000
20170612,39.25,39.75,39.25,39.25,455000
20170613,39.25,39.75,39.25,39.25,455000
20170614,39.5,40,39.75,39.25,406800
20170615,39.5,40.25,40,39.75,5.42M
20170616,38,39.75,39,40,5.15M
20170619,36.5,39,38,39,1.42M
20170620,37,38.5,38.25,38,1.94M
20170621,37.75,39,38.25,38.25,1.15M
20170622,37.25,38.5,37.5,38.25,5.18M
20170623,37.5,38,37.5,37.5,1.09M
20170626,37.5,38,37.5,37.5,1.09M
20170627,37.5,38,37.5,37.5,1.09M
20170628,37.75,38.25,37.75,37.5,559300
20170629,37.25,38.25,37.75,37.75,4.25M
20170630,37.5,38,37.5,37.75,3.31M
20170703,37.75,38.5,38,37.5,156100
20170704,37.5,38,37.75,38,2.04M
20170705,37.5,38,37.75,38,2.04M
20170706,36.5,38,37.5,37.75,68.58M
20170707,37,38,37.25,37.5,34900
20170710,37,37.5,37,37.25,48000
20170711,37,37.75,37.5,37,4.44M
20170712,37,37.75,37.25,37.5,1.11M
20170713,37,38,37.5,37.25,8.83M
20170714,38,39,38,37.5,847300
20170717,38.75,39.5,38.75,38,4.16M
20170718,39,40.5,39.5,38.75,9.19M
20170719,39,40.5,39.75,39.5,523700
20170720,38.5,40,39.25,39.75,24100
20170721,39.25,40.25,39.75,39.25,1.61M
20170724,39.75,41,40.25,39.75,2.96M
20170725,40.25,41.75,40.75,40.25,2.09M
20170726,40.25,41.75,40.75,40.25,2.09M
20170727,41,42,41,40.75,2.25M
20170728,41.25,41.75,41.25,41,8.21M
20170731,40.75,41.25,40.75,41.25,1.14M
20170801,40.75,41.25,40.75,41.25,1.14M
20170802,40,41,40.75,40.75,2.68M
20170803,39.75,40.75,39.75,40.75,349300
20170804,39.5,40,39.75,39.75,635500
20170807,39.5,41,40.25,39.75,57200
20170808,39.5,41,40.25,39.75,57200
20170809,40.5,43,41.25,40.25,109900
20170810,40.25,43,41,41.25,925600
20170811,41.25,43.5,42.75,41,2.62M
20170814,43,45,44,42.75,5.98M
20170815,43.5,44.75,44.25,44,3.83M
20170816,43.5,44.25,43.75,44.25,3.47M
20170817,43,44,43,43.75,5.11M
20170818,43,43.25,43,43,3.50M
20170821,43,43.25,43,43,812200
20170822,42.5,43.25,42.75,43,5.51M
20170823,43,43.5,43,42.75,410000
20170824,43,43.75,43.25,43,139400
20170825,43.5,44.25,43.5,43.25,796900
20170828,43.75,44.75,44.25,43.5,636000
20170829,43.5,44.25,43.75,44.25,1.01M
20170830,43.5,44.25,43.75,43.75,318200
20170831,43.25,44,43.75,43.75,3.04M
20170901,39.5,43.75,40.25,43.75,5.14M
20170904,39,41,40,40.25,1.66M
20170905,38.75,40,38.75,40,4.70M
20170906,38.75,39.5,39,38.75,6.07M
20170907,39,39.75,39.25,39,5.25M
20170908,39,39.5,39,39.25,2.51M
20170911,39,39.5,39,39,6.54M
20170912,38.75,39.5,39,39,3.90M
20170913,38.75,39.25,38.75,39,3.64M
20170914,39,39.25,39,38.75,403100
20170915,39,39.25,39,39,3.52M
20170918,39.25,41,40,39,51100
20170919,39.5,40,39.5,40,694200
20170920,39.5,40,39.75,39.5,471400
20170921,39.75,40.25,39.75,39.75,1.27M
20170922,39.5,40.25,39.5,39.75,195900
20170925,38.75,40,39,39.5,366800
20170926,39,39.5,39.25,39,440500
20170927,39,39.25,39,39.25,495400
20170928,38.75,39.25,39,39,384300
20170929,38.5,39.25,38.75,39,514800
20171002,38,39.25,38.75,38.75,1.06M
20171003,38,39.25,38.75,38.75,1.06M
20171004,37,38.75,37,38.75,673300
20171005,36.5,38,36.75,37,3.91M
20171006,36.75,38,36.75,36.75,221300
20171009,35.75,37,36,36.75,1.63M
20171010,36,37,36.5,36,2.60M
20171011,35.25,37,35.75,36.5,2.01M
20171012,35.5,35.75,35.5,35.75,87500
20171013,35.75,38,36,35.5,1.74M
20171016,35.75,37,36,36,943100
20171017,36,37,36,36,3.82M
20171018,36,38.75,36.25,36,208300
20171019,36,37.75,36.25,36.25,6.73M
20171023,36.25,37,36.25,36.25,2.67M
20171024,36,37.75,36.5,36.25,4.50M
20171025,36,37.75,36.5,36.25,4.50M
20171026,36,37.75,36.5,36.25,4.50M
20171027,36.25,38,36.25,36.5,2.00M
20171030,36.25,37.5,36.5,36.25,786900
20171031,37,38.5,38,36.5,227600
20171101,38,41.5,40.75,38,4.24M
20171102,40,41.75,40.75,40.75,3.09M
20171103,40,40.5,40.25,40.75,1.44M
20171106,39.25,40.5,40,40.25,1.63M
20171107,40,40.5,40,40,2.99M
20171108,39.75,40.75,40.25,40,1.27M
20171109,40,41,40,40.25,144400
20171110,39.5,40.25,40,40,515500
20171113,39.5,40,39.5,40,1.02M
20171114,39,39.75,39,39.5,125400
20171115,39.5,40.25,39.75,39,306900
20171116,40,41,40.25,39.75,591300
20171117,40.25,41.5,40.75,40.25,3.87M
20171120,41,42.5,42,40.75,3.14M
20171121,42,43,42.5,42,2.45M
20171122,42.25,44.5,43.25,42.5,3.48M
20171123,42.5,44.25,43,43.25,628200
20171124,42.5,43.25,43,43,2.90M
20171127,42.75,43.5,43,43,284200
20171128,42.75,43.5,43,43,284200
20171129,43,43.25,43,43,2.23M
20171130,42.5,43,42.75,43,3.83M
20171201,42,43,42.25,42.75,2.42M
20171204,42,42.5,42.25,42.25,4.63M
20171205,41.75,42,41.75,42.25,1.51M
20171206,39.25,41.75,40.75,41.75,891900
20171207,40.5,41.25,40.5,40.75,3.37M
20171208,40.75,41.5,41,40.5,2.43M
20171211,40.75,41,40.75,41,2.26M
20171213,39.75,41,40.25,40.75,3.15M
20171214,40,40.75,40.25,40.25,1.25M
20171215,38,41,40.25,40.25,3.34M
20171218,39,40.5,40,40.25,131700
20171219,39.75,40.25,39.75,40,759300
20171220,40,40.5,40.25,39.75,1.73M
20171221,40,41,40.25,40.25,544400
20171222,40,41,40.25,40.25,102900
20171227,38.25,40.75,39,40.25,302400
20171228,38.75,40.25,38.75,39,80800
20171229,38.75,40,39.75,38.75,338200
20180102,39.5,40.25,39.75,39.75,1.03M
20180103,40,40.5,40,39.75,1.65M
20180104,39.75,40.5,40,40,1.71M
20180105,39.75,40.5,40.25,40,424700
20180108,40,40.5,40,40.25,349200
20180109,40.25,41,40.75,40,1.46M
20180110,40.75,41.25,40.75,40.75,2.88M
20180111,41,42,41.75,40.75,2.02M
20180112,41.5,42.5,41.5,41.75,177800
20180115,41.75,42.75,42,41.5,855700
20180116,42,42.75,42.25,42,2.30M
20180117,42.25,43,42.75,42.25,1.62M
20180118,43,43.5,43.25,42.75,1.25M
20180119,43.25,44.5,44,43.25,846400
20180122,43.5,44.5,43.75,44,2.24M
20180123,42.5,44,43,43.75,6.80M
20180124,42.5,43,42.5,43,3.05M
20180125,43,43.75,43.25,42.5,3.30M
20180126,43,44,43.5,43.25,213200
20180129,43,44,43.5,43.5,381600
20180130,42.5,43.75,42.75,43.5,2.68M
20180131,42.75,43.75,42.75,42.75,4.88M
20180201,43,43.75,43.25,42.75,1.11M
20180202,43.5,44.25,43.75,43.25,2.48M
20180205,43.5,44.25,43.75,43.75,6.21M
20180206,43.25,44,43.5,43.75,7.75M
20180207,42,43.25,42.75,43.5,896300
20180208,42.5,43.25,42.75,42.75,4.20M
20180209,43,43.5,43,42.75,1.63M
20180212,42.25,43.5,42.75,43,5.50M
20180213,42.5,43.25,42.75,42.75,1.81M
20180214,42.75,43,42.75,42.75,3.03M
20180215,42.75,43,42.75,42.75,569800
20180216,42.5,43,42.5,42.75,1.33M
20180219,42.75,43.25,42.75,42.5,660900
20180220,43,43.25,43,42.75,10.55M
20180221,43,43.25,43,43,2.15M
20180222,42.75,43.25,42.75,43,1.25M
20180223,42.75,43,42.75,42.75,3.11M
20180226,43,43.5,43,42.75,5.49M
20180227,43,44,43.25,43,4.49M
20180228,43.25,45,44,43.25,1.42M
