20080826,279,285,281,285,2230000
20080911,205,240,238,225,1480000
20081230,163,170,167,155,15020000
20090331,16.5,17.5,17.4,15.95,1080000
20090401,17,19.1,17.75,17.4,1490000
20090402,17,19,17.85,17.75,1460000
20090403,17.1,18.25,17.8,17.85,1190000
20090406,18,18.5,18.15,17.8,1060000
20090416,11.85,13.15,11.85,13.15,1450000
20090417,11.6,13,12.1,11.85,8760000
20090420,12.1,13,12.9,12.1,3240000
20090421,12.85,13.5,13,12.9,5030000
20090422,13,13.8,13.1,13,1170000
20090423,13.7,14.4,14,13.1,2650000
20090424,13.9,14.5,14,14,3980000
20090427,13.9,14.2,14.05,14,2170000
20090428,13.3,14.15,13.9,14.05,1400000
20090430,13.2,13.8,13.55,13.5,1100000
20090504,13.55,13.75,13.6,13.55,1100000
20090505,12.3,14,13.75,13.6,3420000
20090507,13.8,13.95,13.85,13.85,2120000
20090508,13.9,14,13.9,13.85,2660000
20090511,13.9,14.05,13.95,13.9,1450000
20090519,13.85,14.1,13.95,14,1720000
20090520,13.85,14,13.9,13.95,2140000
20090522,13.7,14,13.8,13.9,1380000
20090525,13.65,13.95,13.7,13.8,1570000
20090526,13.7,13.8,13.7,13.7,1650000
20090527,13.7,14,13.85,13.7,2230000
20090528,13.9,14,13.9,13.85,1430000
20090602,13.9,14,13.95,13.9,1470000
20090604,13.9,14.05,13.95,13.9,2220000
20090605,13.95,14,13.95,13.95,1420000
20090608,13.5,14,13.95,13.95,1760000
20090610,13.9,14,13.95,13.95,4560000
20090611,13.95,14.1,13.95,13.95,2520000
20090612,13.9,14.1,13.95,13.95,1860000
20090615,13.8,14,13.9,13.95,1190000
20090616,13.8,14,13.9,13.9,2270000
20090617,13.9,14.2,14,13.9,1270000
20090622,15.5,17.5,16.85,15.95,2170000
20090623,15.8,17,16.25,16.85,5070000
20090624,15.8,16.25,15.95,16.25,2690000
20090625,15.8,16.3,16,15.95,12570000
20090629,16,16.5,16.25,16.25,5380000
20090630,16,17,16.2,16.25,6190000
20090702,16.8,18,17,16.7,1060000
20090703,17.2,17.5,17.4,17,1220000
20090706,16.5,17.5,17.2,17.4,1150000
20090710,16.35,16.8,16.7,16.55,5660000
20090714,16,16.45,16.05,16.45,1890000
20090717,16.4,16.8,16.5,16.4,1510000
20090722,16.7,16.95,16.75,16.75,1870000
20090723,16.4,17.2,17,16.75,1890000
20090728,16.9,17.1,16.95,16.95,1110000
20090729,16.95,17.1,17,16.95,11720000
20090730,16.95,17.1,16.95,17,1350000
20090731,16.4,17.1,16.95,16.95,2330000
20090803,16.75,17,16.8,16.95,2440000
20090804,16.7,17,16.9,16.8,3330000
20090806,16.95,17.1,17,16.95,1780000
20090810,16.8,17.1,16.95,16.95,2130000
20090817,15.85,16.2,15.9,16.05,2560000
20090818,16,16.2,16,15.9,1660000
20090819,15.5,16.2,15.95,16,6400000
20090824,15.5,15.75,15.5,15.75,1360000
20090825,15.5,15.75,15.5,15.75,1360000
20090826,15,15.5,15.1,15.5,2940000
20090827,14.5,15,14.65,15.1,1150000
20090831,14.1,14.55,14.35,14.3,2580000
20090902,15.1,15.95,15.45,14.55,1180000
20090908,14.85,15,14.9,15.15,1050000
20090915,14.5,14.8,14.5,14.6,5300000
20090918,14.25,14.5,14.35,14.35,4099999
20090921,14.25,14.5,14.35,14.35,4099999
20090922,14.1,14.4,14.3,14.35,4850000
20090923,14,14.35,14.2,14.3,7850000
20090924,13.9,14.2,14,14.2,2590000
20090925,14,14.25,14.05,14,1900000
20090930,13.8,14.1,13.95,14,1210000
20091001,14,14.5,14.1,13.95,1350000
20091006,13.9,14.05,13.95,14.05,3040000
20091008,13.5,13.9,13.5,13.7,1660000
20091009,13.25,14,13.4,13.5,2100000
20091013,13.2,13.5,13.3,13.3,2990000
20091014,13.2,13.35,13.3,13.3,3970000
20091016,13.4,14.5,13.9,13.4,6830000
20091019,14,14.65,14.3,13.9,3850000
20091027,14,14.35,14.25,14.35,1690000
20091028,14.2,14.35,14.25,14.25,6350000
20091029,14.2,14.5,14.3,14.25,2620000
20091030,14.2,14.5,14.3,14.25,2620000
20091103,14.05,14.6,14.5,14.5,2270000
20091105,14.15,14.5,14.25,14.25,1690000
20091106,14.3,14.9,14.45,14.25,1860000
20091109,14.4,14.9,14.6,14.45,1910000
20091112,13.9,14.5,14,14.4,1320000
20091113,14,14.3,14.25,14,22890000
20091117,14,14.4,14.15,14.1,1480000
20091125,13.7,13.9,13.75,13.9,1530000
20091202,13.15,13.4,13.2,13.1,1330000
20091203,13.2,13.65,13.55,13.2,2390000
20091207,13.4,13.65,13.5,13.5,1260000
20091209,13.5,14,13.7,13.55,2020000
20091216,13.7,14,13.95,13.7,2450000
20091230,14,14.5,14.05,14.3,1500000
20100114,14.25,14.4,14.3,14.3,1810000
20100115,14.25,15,14.55,14.3,2700000
20100118,14.8,16,15.9,14.55,4880000
20100119,15.85,17.2,16.45,15.9,2890000
20100120,16.5,17.7,17.25,16.45,6530000
20100121,17,17.5,17.25,17.25,11510000
20100122,16.5,17.2,16.8,17.25,1250000
20100125,16.55,17,16.9,16.8,10470000
20100126,16.75,16.95,16.85,16.9,20140000
20100209,15.9,16.05,15.9,16.1,1070000
20100219,15.4,15.7,15.5,15.6,1680000
20100302,15.55,15.8,15.75,15.55,2120000
20100304,15.45,15.8,15.7,15.75,2850000
20100305,15.4,15.75,15.7,15.7,7770000
20100308,15.55,15.75,15.6,15.7,3400000
20100309,15.6,15.75,15.6,15.6,2750000
20100310,15.65,15.8,15.7,15.6,1470000
20100315,15.5,15.8,15.55,15.6,1560000
20100316,15.6,15.7,15.6,15.55,1980000
20100317,15.6,16,15.8,15.6,1590000
20100318,15.6,16,15.9,15.8,3060000
20100319,15.7,16.05,15.85,15.9,1140000
20100324,15.6,15.85,15.75,15.85,1950000
20100326,15.4,15.8,15.65,15.85,1990000
20100329,15,15.8,15.65,15.65,1240000
20100330,15.65,15.85,15.75,15.65,3250000
20100331,15.7,15.85,15.8,15.75,1280000
20100401,15.7,16,15.95,15.8,4410000
20100408,15.9,16,15.95,15.9,1080000
20100409,15.95,16.05,15.95,15.95,3720000
20100413,15.9,16.4,16.15,16,2460000
20100416,16,17.3,17.15,16.9,2009999
20100419,17,17.3,17.05,17.15,1570000
20100420,17.1,17.55,17.4,17.05,2910000
20100422,17.7,18.25,17.95,17.7,11900000
20100423,18,19,18.4,17.95,1410000
20100426,18,19.2,18.85,18.4,2160000
20100427,19,19.8,19.2,18.85,4970000
20100428,19.3,19.8,19.5,19.2,3060000
20100429,18.5,19.5,19.15,19.5,1490000
20100504,18.45,18.95,18.5,18.5,2710000
20100505,18.65,19,18.7,18.5,4760000
20100513,18.9,19.1,18.95,18.95,3490000
20100518,19.2,19.8,19.45,19.1,2470000
20100519,19.3,21.25,21,19.45,4270000
20100520,20,23,21.75,21,3600000
20100521,21.25,23,22,21.75,2120000
20100524,21.75,24,23,22,3800000
20100525,22,25.25,24,23,5740000
20100526,21.75,24,22.5,24,1800000
20100527,20.5,22.5,21,22.5,2520000
20100528,20.5,22.5,21.25,21,3200000
20100602,22.25,23.5,22.75,22.5,1460000
20100604,23,24,23.5,23.25,1590000
20100607,23.5,24.25,23.75,23.5,2330000
20100608,23.75,24.25,24,23.75,3010000
20100609,23,24,23.25,24,3500000
20100611,23,24,23.75,23.25,1340000
20100614,23.75,24.25,24,23.75,4390000
20100615,24,25,24.25,24,1820000
20100616,23.5,24.75,24.25,24.25,1430000
20100617,23.5,24.5,23.75,24.25,2110000
20100622,23.5,23.75,23.5,23.5,2620000
20100623,23.25,24,23.5,23.5,6040000
20100624,23.5,24,23.5,23.5,2920000
20100625,23.5,24,23.5,23.5,1000000
20100628,23.5,24.25,23.75,23.5,4019999
20100630,23.75,24,23.75,23.75,6510000
20100701,23.75,24,23.75,23.75,1930000
20100702,23.5,24,23.5,23.75,3010000
20100705,23.75,24,23.75,23.5,2720000
20100706,23,23.75,23.5,23.75,3190000
20100707,22,23.75,23,23.5,2290000
20100715,22.75,23.75,23,22.75,1880000
20100716,23.25,24,23.5,23,2530000
20100719,23.5,24.5,23.75,23.5,4370000
20100720,24,24.5,24,23.75,1280000
20100721,23,24.25,23.75,24,3370000
20100727,23,24,23.25,23.25,1510000
20100728,23,24,23.5,23.25,2770000
20100729,23.75,24,23.75,23.5,1790000
20100730,23.75,24,23.75,23.75,2410000
20100802,23.75,24.25,23.75,23.75,7020000
20100803,24,25,24,23.75,4490000
20100804,24,25,24,23.75,4490000
20100806,25.25,25.75,25.5,25.25,3440000
20100810,25.25,27,25.75,26.75,2690000
20100811,24.75,25.75,25,25.75,2870000
20100812,24,25.25,24.25,25,1100000
20100817,24.75,26,25.25,25,1070000
20100818,25.5,26,25.75,25.25,2190000
20100824,24.5,25,24.75,25,1500000
20100830,24.5,25.25,25,24.75,2940000
20100903,25.75,26,25.75,25.75,1080000
20100906,25.25,26,25.5,25.75,2100000
20100914,25,25.75,25.25,25,3560000
20100916,25.25,25.75,25.25,25.5,1140000
20100917,25,25.75,25.25,25.25,1480000
20100921,25.5,26,25.5,25.5,2350000
20100923,25.5,26,25.5,25.5,5170000
20100924,25.5,25.75,25.5,25.5,1030000
20100927,25.75,26.25,25.75,25.5,4730000
20100929,26,27,26.5,26,1120000
20100930,26.75,27,26.75,26.5,1980000
20101001,26.5,27,26.75,26.75,2810000
20101004,26.75,27,26.75,26.75,8369999
20101005,26.75,27,26.75,26.75,1960000
20101006,26.75,27,26.75,26.75,4220000
20101008,26.5,27,26.75,26.75,33500000
20101013,26.5,27,26.5,26.5,1320000
20101015,26.25,26.5,26.25,26.25,1240000
20101019,26.5,27,26.75,26.5,4290000
20101022,26.25,26.75,26.25,26.5,1450000
20101026,26.5,27,26.5,26.5,1270000
20101027,26.5,27,26.5,26.5,4330000
20101028,26.25,26.75,26.5,26.5,1370000
20101102,25.75,26.25,26,25.75,3590000
20101103,26,26.5,26,26,2040000
20101105,26.25,26.75,26.5,26.25,1160000
20101108,26.25,27,26.5,26.5,4010000
20101109,26.25,26.75,26.5,26.5,1230000
20101110,26.25,27,26.5,26.5,2880000
20101111,26.5,27,26.75,26.5,1660000
20101116,26.25,26.75,26.5,26.75,1620000
20101117,26.25,26.5,26.25,26.5,2049999
20101119,26.25,26.5,26.25,26.25,1540000
20101122,26,26.5,26.25,26.25,1060000
20101123,25.5,26.25,25.75,26.25,2080000
20101124,25.75,26,25.75,25.75,1310000
20101126,25.75,26,25.75,25.75,1690000
20101129,25.75,26,25.75,25.75,2230000
20101130,25.25,26,25.5,25.75,2410000
20101201,25.75,26.25,25.75,25.5,1240000
20101202,25.75,26.25,26,25.75,1210000
20101203,25.75,27.75,26,26,2260000
20101207,25.75,26.5,25.75,26,1470000
20101208,25.75,26,25.75,25.75,1780000
20101209,25,26,25.5,25.75,2580000
20101217,25,25.75,25.25,25,2020000
20101229,26.25,27,26.5,26.25,2580000
20101230,26.25,26.75,26.5,26.5,1920000
20110104,27.25,27.75,27.25,27,1620000
20110105,27.5,28.5,28,27.25,3190000
20110106,28.25,29.5,29,28,1350000
20110107,29,30.25,29.5,29,8740000
20110110,29,30,29.5,29.5,3730000
20110111,28.75,29.75,29,29.5,1240000
20110113,28.25,29,28.75,28.25,3110000
20110114,28.5,29.5,28.5,28.75,2300000
20110117,28.75,29.75,29.25,28.5,1210000
20110118,29.5,30.25,29.75,29.25,1640000
20110124,29.5,30,29.5,29.5,2850000
20110128,28.75,29.25,29,29,2170000
20110131,28.75,30,29,29,1970000
20110204,27.5,28.25,27.75,27.5,1210000
20110207,27.75,29,28.5,27.75,1040000
20110210,28.5,29,28.5,28.5,2310000
20110211,28.5,28.75,28.5,28.5,1630000
20110223,28,29,28.5,27.75,1290000
20110224,28.5,29,28.5,28.5,2600000
20110225,28.5,29.25,28.75,28.5,1110000
20110228,28,29,28.5,28.75,1520000
20110303,26.5,28,27,27.25,1070000
20110304,27,28,27.25,27,1510000
20110309,24.5,26,25,26,1600000
20110311,24.5,25,24.75,24,1160000
20110314,24.25,25,24.75,24.75,1480000
20110316,24.75,25.5,24.75,24.5,4190000
20110317,25,26,25.75,24.75,1320000
20110321,24.5,25,24.5,25.25,1430000
20110322,24.5,25,24.5,24.5,1800000
20110324,24.5,25,24.75,25,3050000
20110325,24.75,25,24.75,24.75,1460000
20110329,24.75,25.25,24.75,24.75,4220000
20110330,24.75,25.25,25,24.75,1100000
20110331,25,25.25,25,25,1180000
20110401,25,25.5,25.25,25,3520000
20110408,25,25.75,25.25,24.75,1800000
20110411,25.5,25.75,25.5,25.25,1270000
20110412,25.75,26.5,25.75,25.5,2110000
20110414,26.5,27.75,27,26.25,4380000
20110415,27.25,28,27.5,27,4690000
20110418,27,28,27.75,27.5,3980000
20110426,26.75,27.25,27,27,1450000
20110427,26.5,27.25,27,27,3080000
20110429,26.75,27.25,27,26.5,2260000
20110503,27,27.5,27,27,2120000
20110504,26.75,27.25,26.75,27,1110000
20110506,25.75,26.75,26,26.5,1800000
20110510,25.5,26,25.75,25.75,3350000
20110511,25,26,25.5,25.75,5350000
20110512,25,25.5,25.25,25.5,4620000
20110513,25,25.5,25,25.25,2100000
20110516,24.75,25,24.75,25,1090000
20110517,24.75,25.25,24.75,24.75,3460000
20110518,25,26,25.25,24.75,4760000
20110519,25,26,25,25.25,4680000
20110524,24.5,25.25,24.75,25,4670000
20110525,24.25,25,24.5,24.75,6170000
20110526,24.25,25,24.5,24.5,2120000
20110527,24.25,25,24.5,24.5,3180000
20110530,24.5,25.25,24.75,24.5,1840000
20110531,24.75,25.25,25,24.75,3890000
20110603,24.75,25.5,25,25,5110000
20110607,24.75,25.25,25,25,1760000
20110610,25.25,25.5,25.25,25.25,1560000
20110613,25.25,25.75,25.5,25.25,3610000
20110616,24.75,25.25,25,25,3870000
20110617,24.75,25.25,25,25,2710000
20110620,24.75,25,24.75,25,1090000
20110621,24.75,25.25,25,24.75,3630000
20110628,25.25,25.75,25.25,25.25,4470000
20110629,25,25.75,25.5,25.25,1760000
20110630,25,26,25.75,25.5,1880000
20110701,25.5,26,25.5,25.75,1550000
20110704,25,25.5,25.25,25.5,5030000
20110706,25,25.25,25,25.25,1160000
20110707,25,25.25,25,25,2110000
20110708,25,25.25,25,25,2110000
20110712,23.75,24.25,23.75,24,1440000
20110713,23,24,23.25,23.75,3090000
20110715,23,23.5,23,23,1330000
20110719,22.75,23.25,23,23,2880000
20110720,22.5,23,22.75,23,1310000
20110721,22.25,22.75,22.5,22.75,1760000
20110725,22.5,23.75,23,22.5,1770000
20110727,23.5,24.25,23.75,23.75,2350000
20110728,23.75,24,23.75,23.75,5610000
20110803,23,23.5,23,23,6470000
20110804,23,23.5,23,23,1160000
20110805,22,23.5,22.25,23,2250000
20110808,22,22.75,22.25,22.25,1730000
20110809,20.25,22.5,20.5,22.25,1850000
20110810,20.25,21,20.75,20.5,1950000
20110811,20.5,21,20.75,20.75,3270000
20110816,20.5,21.25,20.75,20.75,5350000
20110817,20.5,21,20.5,20.75,2490000
20110818,20.5,21,20.5,20.5,1590000
20110819,20.25,21,20.25,20.5,3950000
20110824,19.75,20.25,19.95,20.25,2140000
20110825,19.8,20,19.9,19.95,1030000
20110826,19.5,20,19.9,19.9,1120000
20110902,18.9,19.4,18.95,19,2049999
20110909,17.7,18.9,18.05,17.7,3920000
20110913,18.8,19.5,19,18.55,8790000
20110914,19,19.5,19,19,7190000
20110916,18.9,19.5,19.05,19.05,2310000
20110919,18.8,19.2,18.95,19.05,1070000
20110922,18.5,18.9,18.65,18.8,3910000
20110923,18,18.8,18.5,18.65,1170000
20110928,17.8,18.2,17.95,18.25,1270000
20111004,17.05,17.5,17.2,17.2,1740000
20111005,17.05,17.7,17.55,17.2,14390000
20111006,16.95,17.55,17,17.55,1470000
20111007,16.55,17.2,16.95,17,1400000
20111010,17,17.4,17,16.95,3170000
20111011,17,17.35,17,17,1030000
20111012,17,17.3,17,17,7100000
20111013,17,17.5,17,17,2330000
20111021,19,19.5,19,18.45,4410000
20111024,18.5,19.25,18.95,19,2009999
20111027,19,19.5,19,18.95,6610000
20111028,19,19.5,19.45,19,5300000
20111103,18.95,19.45,18.95,19.85,3120000
20111109,19.5,19.9,19.75,19.5,1790000
20111110,19.8,20,19.95,19.75,3100000
20111114,19.8,20.5,19.95,19.8,2260000
20111115,19.5,20,19.9,19.95,2190000
20111117,19.05,19.8,19.45,19.6,2730000
20111121,19.1,19.65,19.4,19.45,2880000
20111122,19.05,19.65,19.45,19.4,1320000
20111123,18.8,19.5,19,19.45,4800000
20111125,17.1,18.65,18,18.75,1050000
20111128,17.6,18,17.95,18,1220000
20111129,17.55,18,17.85,17.95,1280000
20111130,17.5,17.9,17.5,17.85,3080000
20111201,17.25,17.85,17.5,17.5,1770000
20111205,17.2,17.45,17.25,17.35,2990000
20111206,17.2,17.5,17.35,17.25,2230000
20111208,17.3,17.9,17.3,17.35,1190000
20111213,17.25,17.5,17.3,17.25,7390000
20111214,16.55,17.5,17,17.3,7770000
20111215,17,17.4,17,17,1740000
20111216,16.5,17.25,17,17,4460000
20111219,16.9,17.25,16.95,17,3130000
20111220,16.95,17,16.95,16.95,2380000
20111221,16.5,17,16.85,16.95,1350000
20120106,15.5,16,15.8,16.15,3510000
20120109,15.8,16.5,15.95,15.8,1090000
20120110,15.9,16.35,16,15.95,1320000
20120113,15.9,16,15.9,15.95,1010000
20120117,15.9,15.95,15.9,15.9,1490000
20120119,15.9,16,15.9,15.9,2100000
20120120,15.8,16.1,15.9,15.9,12700000
20120123,15.85,16.1,15.95,15.9,2230000
20120124,15.9,16.65,15.95,15.95,8860000
20120125,16,16.8,16.5,15.95,4860000
20120126,16.3,17,16.65,16.5,6750000
20120127,17,17.2,17,16.65,15420000
20120201,17.3,17.8,17.5,17.7,3470000
20120210,17.8,18.45,18.05,17.7,1230000
20120213,18.2,18.95,18.6,18.05,2710000
20120223,18.95,19.05,18.95,18.95,1670000
20120228,19.05,19.25,19.05,19.1,2160000
20120229,18.8,19.1,18.95,19.05,1310000
20120301,18,18.8,18.5,18.95,4179999
20120302,18.65,19.1,18.95,18.5,9840000
20120305,19,19.4,19.05,18.95,3350000
20120306,19.1,19.6,19.4,19.05,1800000
20120307,19.4,19.9,19.6,19.4,1170000
20120308,18.9,19.95,19.45,19.6,2730000
20120313,18.5,18.95,18.5,18.75,5220000
20120314,18.4,18.75,18.5,18.5,5260000
20120315,18.25,18.75,18.5,18.5,4980000
20120316,17.5,18.75,18.45,18.5,5330000
20120320,17,17.5,17.45,17.3,14100000
20120321,17.05,18,17.55,17.45,3260000
20120323,18.5,19.1,18.65,18.3,5630000
20120327,19.1,19.5,19.3,19.1,5250000
20120328,19.3,19.55,19.45,19.3,2029999
20120329,19.15,19.45,19.2,19.45,1650000
20120404,19.3,19.5,19.4,19.25,4630000
20120405,19.4,19.6,19.4,19.4,7510000
20120410,19.5,19.95,19.5,19.4,2000000
20120411,19.5,19.7,19.55,19.5,2120000
20120412,19.5,19.6,19.5,19.55,5160000
20120413,19.55,20.25,19.95,19.5,12490000
20120416,19.55,20,19.75,19.95,1310000
20120417,19.75,20,19.9,19.75,1910000
20120420,19.9,20,19.95,19.9,1260000
20120423,19.85,21,20,19.95,5020000
20120424,19.85,21,20,19.95,5020000
20120425,21,21.75,21.25,20,9390000
20120426,20.5,21.25,20.75,21.25,2370000
20120427,20.5,21,20.5,20.75,2850000
20120502,20.75,21,20.75,20.75,4900000
20120503,20.25,21,20.75,20.75,1080000
20120504,20.25,21,20.75,20.75,3500000
20120507,20.25,21,20.75,20.75,6780000
20120514,20.25,21,20.5,20.25,1280000
20120515,20.75,21,20.75,20.5,2430000
20120516,20.5,21,20.5,20.75,3860000
20120517,20.25,21,20.5,20.5,1030000
20120518,20.25,21,20.5,20.5,3230000
20120521,20.5,21,20.5,20.5,2720000
20120523,20.5,20.75,20.5,20.5,2190000
20120524,20.5,21,20.75,20.5,1680000
20120529,21,21.5,21,21.25,1750000
20120530,21,21.5,21,21,3950000
20120531,20.75,21.25,21,21,1520000
20120604,20.5,21,20.75,21,1310000
20120608,20,20.75,20.25,20.25,2150000
20120612,20.25,20.75,20.25,20,2310000
20120613,20.5,21.5,20.75,20.25,16160000
20120615,21.5,22.5,21.75,21.25,1010000
20120618,21.75,22.5,22.25,21.75,1390000
20120619,22.5,23,22.5,22.25,1970000
20120620,22.75,23,22.75,22.5,1140000
20120621,22.75,23.25,22.75,22.75,1730000
20120622,22.5,23,22.75,22.75,1020000
20120625,21.5,22.75,21.75,22.75,1140000
20120626,21,22.75,21.5,21.75,2330000
20120627,20.75,21.75,21,21.5,19700000
20120629,21.25,21.5,21.25,21.25,1030000
20120703,21,22,21.25,21.5,7480000
20120704,21.25,22,21.5,21.25,5200000
20120705,21.25,22,21.25,21.5,1510000
20120706,21.25,22,21.25,21.25,1780000
20120712,21.5,22.5,21.5,21.5,3440000
20120716,21.5,21.75,21.5,21.5,1370000
20120719,21.75,22.25,22,21.75,1880000
20120724,22.25,22.75,22.25,22.25,2069999
20120725,22.75,23,22.75,22.25,3660000
20120727,22.5,23,22.5,22.5,1170000
20120730,21.75,22.75,22.25,22.5,1520000
20120801,21.25,21.75,21.25,21.5,3680000
20120802,21.25,21.75,21.25,21.25,2860000
20120803,21,21.5,21.25,21.25,1400000
20120806,21,21.5,21,21.25,2370000
20120807,21,21.5,21.25,21,1160000
20120808,21.25,21.5,21.25,21.25,5120000
20120809,21,21.5,21.25,21.25,7880000
20120810,21,21.5,21,21.25,5440000
20120813,21,21.75,21.25,21,2850000
20120814,21.25,21.75,21.25,21.25,1160000
20120815,21.25,21.5,21.25,21.25,1680000
20120817,21,21.5,21.25,21.25,6990000
20120820,21,21.5,21.25,21.25,6990000
20120823,21.25,21.75,21.25,21,3990000
20120829,21.75,22.25,22,21.75,1540000
20120830,22.25,23,22.25,22,1850000
20120905,23,24,23.5,23.5,1220000
20120910,21.75,23,22.25,22.25,1160000
20120911,22.5,23.75,23,22.25,1510000
20120912,23.25,24,23.75,23,1350000
20120914,23.5,24.25,23.75,23.5,2240000
20120918,23.5,24.25,23.75,23.75,1400000
20120919,23,24,23.75,23.75,1920000
20120920,23,23.75,23.5,23.75,2420000
20120921,23,23.75,23.25,23.5,2980000
20120924,23.5,23.75,23.5,23.25,1300000
20120926,23.5,24,23.5,23.5,2740000
20120927,22.5,23.75,23.25,23.5,3640000
20121001,22.5,23,22.75,23.25,1280000
20121003,22.5,23,22.5,22.75,4710000
20121005,23,23.75,23.5,23,3080000
20121008,23.25,23.5,23.25,23.5,1720000
20121010,23,23.25,23,23,5200000
20121011,23,23.5,23,23,2370000
20121015,23,24,23.5,23.25,1030000
20121016,23,23.75,23.5,23.5,1050000
20121017,23.25,24,23.75,23.5,2970000
20121018,23.75,24.25,24,23.75,3560000
20121019,23.5,24.25,23.75,24,4880000
20121022,23.25,24,23.25,23.75,6030000
20121023,23.5,24,23.5,23.25,2820000
20121024,23.25,23.75,23.5,23.5,3080000
20121025,23,23.5,23.25,23.5,2089999
20121026,23.25,23.75,23.5,23.25,7050000
20121030,23.75,24.5,24,23.75,1890000
20121031,24.25,25,24.25,24,2150000
20121101,24,24.5,24.25,24.25,3040000
20121102,23.75,24.5,24,24.25,4330000
20121105,23.75,24.5,24.25,24,1330000
20121106,24,24.75,24.25,24.25,2810000
20121107,24.25,24.75,24.5,24.25,6080000
20121113,24.25,25,24.5,24.25,4530000
20121115,24.75,25.25,25,24.75,1170000
20121119,24.5,25,24.5,24.75,3490000
20121120,24.25,24.75,24.25,24.5,3090000
20121121,24,24.5,24.25,24.25,4590000
20121122,22.25,24,23.5,24.25,6290000
20121123,23.25,24.5,24,23.5,4099999
20121126,23.75,24.5,23.75,24,1890000
20121127,24,24.5,24,23.75,1550000
20121128,24,24.5,24.25,24,2009999
20121204,23,23.5,23,23,1110000
20121205,23,23.5,23,23,2140000
20121206,23,23.5,23,23,1230000
20121211,23,23.75,23.25,23.5,1710000
20121213,23.25,24,23.5,23.25,7570000
20121214,23,23.75,23.25,23.5,2410000
20121220,23.5,24.25,23.75,23.5,1950000
20130111,25.5,26,25.5,25.75,1400000
20130116,26.75,28,27.25,26.25,1200000
20130117,26,27.5,26.5,27.25,1170000
20130122,25.5,26.25,26,25.5,1870000
20130125,25.75,26.25,25.75,25.75,1350000
20130129,26,26.5,26.25,26,1210000
20130130,26,26.5,26.25,26.25,1170000
20130205,26.5,27.25,26.75,26.5,2089999
20130207,27.25,27.5,27.25,27,1170000
20130208,27.25,27.75,27.5,27.25,1780000
20130214,27.75,28,27.75,27.75,1220000
20130219,27,27.75,27.5,27.5,3070000
20130220,27,27.75,27.25,27.5,2260000
20130221,27,27.25,27,27.25,1860000
20130227,27,28,27.75,26.75,1630000
20130301,28.25,28.5,28.25,28.25,1790000
20130304,28.25,28.5,28.25,28.25,1790000
20130305,28.25,29.75,28.5,28.25,1020000
20130308,29.75,30.5,30,29.75,2730000
20130311,30,33,31.25,30,3240000
20130312,33,34.25,33.5,31.25,1200000
20130313,31,33.5,31.5,33.5,6580000
20130314,30.5,31.75,31,31.5,1570000
20130315,29.25,31,30,31,7830000
20130319,29.25,30.5,29.75,29,6370000
20130320,30,30.75,30,29.75,2220000
20130321,30,30.25,30,30,6750000
20130322,30,30.25,30,30,1250000
20130327,32,33.5,33.25,30.5,2069999
20130328,32.5,35,33.25,33.25,1690000
20130403,35,36.5,35.5,35.5,2440000
20130404,34,35.5,34.75,35.5,1070000
20130410,35.5,36,35.75,35.5,1060000
20130411,34.75,36,35.5,35.75,1520000
20130412,34,35.25,35,35.5,1180000
20130417,33,34,33.5,34,3530000
20130418,32.75,34,33.25,33.5,1570000
20130424,32.5,33,32.75,32.5,2740000
20130425,32.25,33,32.5,32.75,2350000
20130430,30,32,31.25,31.75,2160000
20130503,31,31.5,31,31.25,6510000
20130506,31,31.5,31.25,31,1020000
20130507,31.25,32,31.5,31.25,5080000
20130508,31.75,34,32.25,31.5,2470000
20130510,33.25,34,33.5,33.25,1410000
20130513,33,33.5,33.25,33.5,1280000
20130515,32.75,34,33,32.75,3700000
20130516,34,35,34.5,33,1330000
20130517,34.75,35,34.75,34.5,1520000
20130522,35,35.25,35,35,1190000
20130531,36,36.25,36,35.75,3150000
20130603,35.5,36,35.75,36,1530000
20130604,35.5,35.75,35.5,35.75,4090000
20130606,34,35.5,34.75,35.25,1980000
20130607,34,35,34.75,34.75,4390000
20130611,33.75,34.75,34,34.5,2190000
20130612,32.5,34,33.5,34,2130000
20130618,31.25,32.5,31.5,31.25,6950000
20130619,32,34.5,32.25,31.5,3280000
20130620,33,34.5,33.75,32.25,3210000
20130621,32,34,32.5,33.75,3020000
20130624,31.25,33.5,31.5,32.5,6080000
20130625,31.5,32.5,31.5,31.5,3280000
20130626,31.25,32,31.5,31.5,2040000
20130701,31,31.5,31.25,31.25,3990000
20130702,31,31.75,31.25,31.25,3000000
20130703,31.25,32,31.5,31.25,4260000
20130705,31.5,32.5,32,31.75,2000000
20130709,33.25,34.25,33.75,33.25,3150000
20130711,33,34,33.5,33.25,2300000
20130712,33.5,34,33.75,33.5,1360000
20130716,33.25,33.75,33.5,33.5,2280000
20130717,33.5,34,33.5,33.5,2680000
20130718,33.5,34.25,33.75,33.5,2420000
20130719,33.5,34,33.5,33.75,1510000
20130722,33.25,34.25,33.5,33.5,1420000
20130724,33.25,33.75,33.25,33.25,4620000
20130726,33.5,34,33.5,33.5,1520000
20130730,32.75,34,33.25,33.5,2630000
20130805,33,33.5,33.25,33,1920000
20130812,33.75,34.25,33.75,33.75,1390000
20130815,34,35,34.75,34,1120000
20130816,34.5,35.75,35,34.75,7850000
20130819,35,35.5,35.25,35,1590000
20130820,34.5,35.25,34.75,35.25,1470000
20130822,34.25,34.75,34.5,34.75,2620000
20130823,34,35,34.25,34.5,1440000
20130826,34,34.75,34.5,34.25,14030000
20130828,33,34,33.25,34,2120000
20130829,30.5,33.5,32.75,33.25,6180000
20130830,32.25,33,32.5,32.75,4200000
20130904,33.75,35,34.25,33.75,3600000
20130905,34,34.5,34.25,34.25,3240000
20130906,33.25,34.25,33.5,34.25,3120000
20130909,33,33.75,33.25,33.5,5500000
20130911,33.25,33.75,33.25,33.5,1740000
20130912,33.25,33.75,33.25,33.25,1330000
20130913,33,33.5,33.25,33.25,1590000
20130917,33.25,34,33.5,33.25,3540000
20130918,33.25,33.5,33.25,33.5,2330000
20130919,33,34,33.5,33.25,1900000
20130920,33.5,34.25,33.75,33.5,2069999
20130924,34,34.5,34.25,34.25,1880000
20130930,34,34.5,34,34.25,1680000
20131001,34,34.5,34,34.25,1680000
20131002,33.5,34.25,33.75,34,5050000
20131004,34,34.75,34.25,33.75,3120000
20131007,34.5,36,35.5,34.25,3550000
20131008,35.75,38,37.25,35.5,6120000
20131009,35.75,36.5,36.25,37.25,2330000
20131010,36.25,36.75,36.25,36.25,1910000
20131011,36,36.5,36.25,36.25,2620000
20131014,36,38.75,36.25,36.25,1550000
20131015,35.75,36.25,36,36.25,2210000
20131023,34.75,35.75,35,35.5,3780000
20131024,35,36,35,35,3020000
20131025,34.75,35.25,34.75,35,2780000
20131028,34.75,35.25,35,34.75,2040000
20131029,34.75,35.25,35,34.75,2040000
20131030,34.75,36,35,35,7400000
20131031,35.25,35.75,35.5,35,5170000
20131104,34.5,35.75,34.75,35.75,4800000
20131105,34.75,35,34.75,34.75,1070000
20131106,34.75,35,34.75,34.75,1690000
20131112,34,35,34.5,34.25,1360000
20131114,34.75,35.25,35,34.75,1330000
20131118,35.25,36.75,36,35.25,1980000
20131120,35.25,35.75,35.5,35.5,1410000
20131121,35.25,35.75,35.25,35.5,2600000
20131125,34.75,35.5,35,35,1190000
20131126,34.75,36,35,35,3510000
20131203,35,35.25,35,35,4000000
20131204,34,35,34.25,35,1740000
20131205,33.5,34.5,34,34.25,2009999
20131209,33.5,35.25,33.5,33.5,1030000
20131210,32.75,34,33.5,33.5,2300000
20131216,33.25,34.5,33.25,33.25,2140000
20131217,32.5,33.5,33,33.25,2710000
20131220,30.5,33,31.5,32.25,2000000
20131223,30.75,32,31,31.5,1580000
20131224,30.5,31.5,31,31,1500000
20131227,30.75,31.5,30.75,31,1380000
20131230,30.75,31.75,31.25,30.75,3470000
20131231,30,32,30.75,31.25,1930000
20140102,31,31.5,31,30.75,3560000
20140103,31.5,33.25,31.75,31,1210000
20140106,32.75,33.25,33,31.75,1450000
20140109,33.75,34.5,34,34.25,2460000
20140110,33,34.25,33.25,34,1530000
20140114,33.25,34.5,33.75,33.75,4179999
20140115,32.75,33.5,33,33.75,3580000
20140117,32,33,32.25,32.75,1680000
20140120,31.75,33,32,32.25,6070000
20140121,32.75,33.5,32.75,32,4580000
20140122,32.25,33.5,32.5,32.75,1130000
20140123,32,33,32.25,32.5,6100000
20140124,32.5,33,32.75,32.25,1910000
20140127,32.25,33.5,32.75,32.75,1160000
20140128,32.5,33,32.75,32.75,1090000
20140129,32,33,32,32.75,3920000
20140130,31,32.5,31.5,32,3080000
20140203,29.5,30.5,29.75,31,3620000
20140204,30,32,30.5,29.75,4310000
20140206,31.25,32.5,31.75,31.5,1910000
20140207,31.25,32,31.5,31.75,3670000
20140211,32.5,33.25,32.75,32.25,7720000
20140212,33,34,33.25,32.75,6790000
20140213,33,34.5,33,33.25,2820000
20140219,32,32.75,32,32.25,2490000
20140220,32,33,32.25,32,4950000
20140221,31.5,32.5,32,32.25,1950000
20140225,31.75,32.75,32,31.75,8109999
20140226,31.75,33,32,32,3290000
20140227,31.75,32,31.75,32,2930000
20140228,32,33,32.25,31.75,4030000
20140303,32,33,32.25,32.25,2450000
20140305,32,32.25,32,32,5050000
20140307,33.25,33.75,33.5,33.25,2140000
20140312,33.25,33.75,33.25,33.5,5270000
20140313,33.5,34,33.75,33.25,1330000
20140314,33.5,34.5,34,33.75,1710000
20140317,31,33,31.75,34,2870000
20140318,31,31.75,31.25,31.75,4420000
20140319,31.25,31.75,31.25,31.25,4179999
20140320,31,32,31.5,31.25,1420000
20140321,31.75,32.5,32,31.5,2740000
20140324,32,32.5,32,32,1310000
20140328,31.75,32.25,31.75,31.75,3000000
20140331,31.5,32.5,31.75,31.75,1830000
20140402,31.5,31.75,31.5,31.5,1710000
20140403,31.5,32,31.75,31.5,1020000
20140404,31.5,32,31.75,31.75,7910000
20140407,31.75,32.5,32,31.75,1880000
20140408,31.75,32.5,31.75,32,5690000
20140411,32,32.5,32.25,31.75,1310000
20140414,32,33,32.5,32.25,1080000
20140415,31.5,32.75,32,32.5,1120000
20140416,32,32.5,32.25,32,1930000
20140417,32.25,33.5,32.75,32.25,3880000
20140422,33,34.75,34,32.75,2950000
20140423,34.5,36.25,35.75,34,10510000
20140424,35,36,35.5,35.75,5570000
20140425,35.75,36.75,36.25,35.5,2500000
20140428,36.5,38,37.25,36.25,2320000
20140429,37.5,39.75,38.75,37.25,6630000
20140430,38,39.5,38.25,38.75,2089999
20140502,38,39,38.5,38.25,6630000
20140506,38.5,39.5,38.75,38.75,10110000
20140507,38.5,39.5,39.25,38.75,2510000
20140508,39,42,40.75,39.25,10750000
20140509,40.5,42.25,41,40.75,3200000
20140512,40,41.5,40.75,41,2990000
20140513,39.75,41,40.75,40.75,11080000
20140515,39.5,40,39.5,40.25,11440000
20140519,37.5,38.5,37.75,39,1470000
20140520,37.25,38.5,37.75,37.75,1690000
20140521,37.75,38.75,38,37.75,2089999
20140522,38,39.75,38.75,38,17250000
20140523,39,40.5,39.75,38.75,2100000
20140528,40.25,40.75,40.25,40.25,2350000
20140529,40.5,41.75,41,40.25,3700000
20140530,41,42.5,41.75,41,8630000
20140603,41,41.75,41.25,41.75,6820000
20140604,40.5,41.75,41.5,41.25,3050000
20140605,41.5,42,41.75,41.5,3320000
20140606,41.5,42,41.75,41.75,2290000
20140610,42.25,45.5,43.25,42,2380000
20140611,42,43,42.75,43.25,3400000
20140612,42,43,42,42.75,1220000
20140613,42,43.5,42.75,42,3380000
20140616,42.75,44,42.75,42.75,2270000
20140618,43.5,45,44.25,43.25,1830000
20140619,44.25,45,44.5,44.25,6230000
20140620,44,44.75,44.25,44.5,1510000
20140623,44,44.5,44.25,44.25,3030000
20140624,44,44.5,44.25,44.25,3930000
20140625,44.25,45,44.75,44.25,3380000
20140626,44.75,45.5,45,44.75,2130000
20140627,45,46,45.5,45,2690000
20140630,45.25,47,46,45.5,1010000
20140702,46.5,50,47.25,47,1600000
20140703,45.75,47.25,46.25,47.25,2440000
20140708,44.75,45.5,45,44.75,4150000
20140709,44.5,45,44.5,45,9490000
20140710,44,44.75,44.25,44.5,2230000
20140711,43,44.5,43.5,44.25,4440000
20140715,44.75,45.75,45,44.5,4920000
20140716,44,45.75,45.25,45,4130000
20140717,45.5,46.25,46,45.25,3790000
20140721,45.25,47,45.75,46,1320000
20140722,45.5,46,45.75,45.75,1780000
20140723,45,45.75,45.5,45.75,2240000
20140724,43.5,45.75,44.75,45.5,2120000
20140804,45.75,47,46.25,45.5,3600000
20140807,46,46.5,46,46.25,1070000
20140814,45,46,45.75,45.25,3130000
20140815,45.25,46.25,45.5,45.75,3270000
20140818,45.25,46.5,45.75,45.5,1580000
20140819,45.5,46,45.75,45.75,1090000
20140820,45.75,46.25,46,45.75,1030000
20140825,46,46.25,46,45.75,1030000
20140901,47,49.5,48,46.75,1040000
20140902,48,49,48.75,48,1460000
20140903,48,49.25,48.5,48.75,1380000
20140904,48,49,48.5,48.5,3660000
20140909,47.75,48.5,48,48,1490000
20140912,49,52.5,50.5,48.75,2340000
20140915,51.5,54,52.5,50.5,3250000
20140916,50.5,54,53,52.5,2680000
20140917,50,53.5,51.5,53,1500000
20140918,53,56.5,54.5,51.5,2950000
20140919,56,59.5,57,54.5,2069999
20140922,57.5,60,58.5,57,4430000
20140923,55,63,59,58.5,3500000
20140924,53.5,57.5,54.5,59,3300000
20140925,50,55,52,54.5,2970000
20140929,53,54,53.5,53.5,1190000
20140930,51,54,51.5,53.5,6180000
20141001,50,52.5,50.5,51.5,7560000
20141002,49.5,51,49.75,50.5,1850000
20141003,50.5,53,50.5,49.75,1120000
20141006,50.5,52,50.5,50.5,1690000
20141007,50.5,51.5,50.5,50.5,5900000
20141008,50,51.5,50.5,50.5,1990000
20141009,49.5,50.5,49.75,50.5,1210000
20141013,48.75,49.25,48.75,49.25,1640000
20141014,48.5,49.25,48.75,48.75,4280000
20141015,49,49.75,49.25,48.75,2240000
20141016,49.5,51.5,50.5,49.25,2590000
20141017,50,51.5,50.5,50.5,1490000
20141022,50.5,52,51,50.5,1800000
20141023,50.5,51.5,51,51,1930000
20141027,50,52,50.5,51,1010000
20141028,50.5,51,50.5,50.5,4760000
20141029,50.5,51.5,50.5,50.5,4360000
20141030,50.5,51.5,50.5,50.5,5550000
20141031,50,52,50.5,50.5,2320000
20141103,50,52,50,50.5,1920000
20141105,48,49.5,48.25,49.25,3420000
20141107,48.5,49,48.5,48.25,2520000
20141112,49.75,51,50,49.25,6300000
20141114,50,51,50.5,50,2049999
20141119,48.5,50,49,49.5,1320000
20141120,48.25,50,48.5,49,1060000
20141121,47.5,48.75,48,48.5,2770000
20141125,46,47.25,46.25,47.25,1490000
20141126,46,48.5,47.5,46.25,2780000
20141127,48,50,49.5,47.5,6500000
20141128,49.5,50.5,49.75,49.5,2950000
20141202,49.75,51,50,50,1340000
20141203,50,50.5,50,50,1610000
20141204,50,50.5,50,50,1120000
20141205,50,51,50.5,50,1800000
20141208,50,52,51,50.5,6760000
20141209,50,52,50.5,51,1970000
20141210,50,51,50,50.5,3540000
20141211,49.75,51,50,50,5610000
20141215,49.75,51,50,50,3570000
20141216,50.5,51.5,51,50,13060000
20141217,49.5,51.5,50,51,2250000
20141218,47.5,50,48.25,50,2920000
20141219,48,50,48.25,48.25,1430000
20141222,47,49,47.75,48.25,1280000
20141223,47,48.25,47.5,47.75,3610000
20141230,50,51.5,51,50,2550000
20150107,49,50,49.5,49.5,1010000
20150114,50,52,50.5,49.75,1270000
20150115,49.75,51.5,51,50.5,1560000
20150116,50.5,52,51.5,51,4840000
20150120,50.5,53,51,52,2280000
20150121,50,52,51,51,1060000
20150122,51.5,53.5,52,51,1120000
20150123,53,56,55,52,2580000
20150126,53,55,54,55,1090000
20150127,53,54.5,54,54,1510000
20150128,53,55,53.5,54,2310000
20150129,53.5,54.5,53.5,53.5,1140000
20150205,53,54,53.5,53.5,1130000
20150206,52.5,54,53,53.5,1110000
20150209,52.5,53.5,52.5,53,1640000
20150216,53,55,53.5,53,2190000
20150218,53.5,54.5,54,53.5,4580000
20150223,54,55.5,54.5,54.5,3930000
20150224,54.5,55.5,55,54.5,3100000
20150225,55,56.5,55.5,55,3270000
20150226,54,56.5,55,55.5,4960000
20150302,53,54,53.5,53.5,1680000
20150303,53,54,53,53.5,1340000
20150304,52.5,53.5,53,53,1870000
20150305,50,53,51.5,53,6810000
20150306,51,53,51.5,51.5,2980000
20150309,50,51.5,50.5,51.5,3210000
20150310,51,53.5,52,50.5,9020000
20150311,52,53.5,52.5,52,4040000
20150312,51.5,52.5,52,52.5,3240000
20150313,51.5,52.5,52,52,2100000
20150316,51.5,52.5,51.5,52,2880000
20150317,51.5,52.5,51.5,51.5,4700000
20150319,52,53,52,52,1220000
20150320,50,52.5,51,52,1090000
20150323,47.5,50,49.25,51,1040000
20150324,49,50,49.25,49.25,3510000
20150325,49.5,50,49.5,49.25,1170000
20150326,49.5,50.5,49.75,49.5,4590000
20150327,50,52,51,49.75,1190000
20150330,51,52.5,51.5,51,1760000
20150331,51,52.5,52,51.5,2760000
20150401,50.5,53,52,52,7470000
20150402,50,52.5,51,52,1550000
20150407,49.5,51,49.5,51,1150000
20150408,49,49.75,49.5,49.5,2690000
20150410,47.5,49.5,48.25,47.5,2670000
20150414,47,48.25,47.75,48,1870000
20150415,45,47.5,46,47.75,1930000
20150416,46,46.75,46,46,2320000
20150417,46.25,47.5,47,46,1950000
20150421,48,48.75,48.25,47.5,2680000
20150422,47.75,49.25,48,48.25,1400000
20150423,48,50.5,49.25,48,4059999
20150424,49.5,50.5,49.5,49.25,5710000
20150430,49,50,49.25,49.5,1220000
20150504,49.25,50,49.5,49.25,2490000
20150506,46.75,49,47.25,49,1800000
20150507,45.25,49,45.5,47.25,3660000
20150511,46.5,48,46.75,46.5,4210000
20150513,46.5,48,47.5,47.5,9590000
20150515,47.75,49.5,49.25,47.75,9920000
20150518,48.5,49.5,49,49.25,1000000
20150522,46.5,48,46.75,47.5,1330000
20150527,47.5,48,47.75,47.5,4690000
20150528,47.25,48,47.5,47.75,3670000
20150529,47,48,47.25,47.5,5440000
20150602,47.5,48,47.75,47.25,3170000
20150603,47.5,48,47.75,47.75,6200000
20150608,47,47.75,47,47.25,1730000
20150610,46.75,47,46.75,47,3030000
20150611,46,47,46.5,46.75,1790000
20150616,46.25,47,46.5,46.75,1050000
20150618,45.75,46.5,46,46.25,11430000
20150625,45.75,46.25,46,46,2280000
20150626,46,46.5,46,46,4130000
20150629,46,47,46.25,46,2089999
20150630,46.25,47.5,47.25,46.25,156710000
20150701,45.75,47.5,46,47.25,5500000
20150703,45,45.75,45.25,45.5,3220000
20150706,45.75,47.5,47.25,45.25,18830000
20150707,45.75,47,46,47.25,7860000
20150708,45,46,45,46,3480000
20150709,44.5,46,44.75,45,8029999
20150710,44.5,46,44.75,45,8029999
20150713,44.75,46.25,44.75,44.75,1560000
20150715,45,47.5,47.25,45,45130000
20150716,45,46,45.25,47.25,2970000
20150717,44.75,45.5,45,45.25,1010000
20150720,44.5,45.25,45,45,1110000
20150723,40.75,44.5,42.5,44.5,1000000
20150724,41.5,44,42,42.5,1900000
20150727,40,42.25,41.5,42,2760000
20150728,40.5,41.5,41,41.5,9080000
20150729,40.5,41.5,40.75,41,3190000
20150731,37,43,39.25,41,10570000
20150803,37.5,40,37.75,39.25,3650000
20150804,38,39.25,38.75,37.75,7510000
20150805,39,40,39.25,38.75,19660000
20150806,39.5,42.75,40,39.25,6280000
20150807,42.5,44,43.25,40,1480000
20150810,42.5,44,42.75,43.25,2029999
20150813,41.5,42.75,42,42.5,2310000
20150817,41.75,42.5,42,42,2300000
20150820,40,41.75,40,40.75,81900000
20150821,39.5,41.75,40,40,36760000
20150824,39,40.5,39.75,40,2250000
20150826,38,39,38.25,39,2280000
20150827,36.5,38,36.75,38.25,1410000
20150828,37.5,40,38.5,36.75,2680000
20150831,39,42,40.5,38.5,1700000
20150901,41,42,41.5,40.5,2140000
20150904,41.5,43,41.75,41.5,1420000
20150910,44.5,46,45.25,44.25,1840000
20150911,44.5,45.25,44.75,45.25,1230000
20150915,46.5,48.5,47.5,46.25,2380000
20150916,46.5,48.5,47.75,47.5,2350000
20150918,44.5,46,44.75,45.5,3670000
20150924,46,47.25,46.25,45.75,2570000
20150925,45.75,47,46.25,46.25,2830000
20150928,45.5,46,45.5,46.25,1300000
20151001,44.75,45.5,44.75,45,2640000
20151002,44.75,45,44.75,44.75,4000000
20151007,44.5,45.75,44.75,45,12790000
20151012,44,45.5,44.5,45,2220000
20151013,40.5,44.75,43.25,44.5,5990000
20151014,40,43.25,40,43.25,24450000
20151015,40.75,42.5,41,40,8630000
20151016,41,42,41,41,5460000
20151021,41.25,42,41.5,41.25,1390000
20151022,41,41.75,41.25,41.5,2290000
20151023,41,42,41,41.25,19930000
20151027,41,42,41,41.25,1390000
20151028,40.5,42,41,41,8240000
20151029,41.25,45,44.75,41,73200000
20151030,41.5,43,41.75,44.75,1310000
20151102,41.75,42.75,41.75,41.75,2580000
20151103,41.5,42,41.5,41.75,1370000
20151104,41.5,42,41.5,41.5,2069999
20151105,41,42,41.5,41.5,27620000
20151106,41.5,42.5,41.75,41.5,1740000
20151110,42,42.5,42,42,3840000
20151116,40,41.5,41,40,8109999
20151117,41,41.75,41,41,4410000
20151119,41.5,42.25,41.75,41.25,1620000
20151120,41.75,42,41.75,41.75,9730000
20151123,41.5,42,41.5,41.75,2620000
20151127,41.5,42,41.75,41.75,2470000
20151130,41.5,42,41.75,41.75,3370000
20151202,41.75,42,41.75,41.75,4190000
20151204,41,42,41.5,41.5,4780000
20151207,41.25,41.75,41.5,41.5,1600000
20151208,41,42,41.25,41.5,4370000
20151210,40.5,41.5,41,41,3460000
20151215,39.75,40.75,40,40,8359999
20151216,39,43,42,40,12160000
20151218,39,40,39,39.25,4820000
20151221,39,42.25,42,39,10570000
20151222,39.25,40.75,40.25,42,13580000
20151223,39.75,40.5,40.25,40.25,18680000
20151224,39.75,41,40,40.25,1030000
20151228,40,41,40,40,4390000
20151229,39.75,40.5,39.75,40,5090000
20151230,39.25,40,39.25,39.75,16810000
20160104,40,41,40.75,40,1190000
20160105,39.25,41,40.25,40.75,1040000
20160107,39,41,39.25,40,2790000
20160108,38,40,38.5,39.25,5390000
20160112,38.5,40,38.75,39,1590000
20160113,39,40,39.25,38.75,8480000
20160114,39,39.75,39,39.25,2300000
20160120,37,39.5,38.5,39.5,3700000
20160121,38,39,38.25,38.5,4490000
20160122,38,39,38.5,38.25,1260000
20160125,37.5,39,38,38.5,4280000
20160126,37.25,38.25,38,38,4840000
20160127,37.5,38,37.75,38,1950000
20160203,38.75,39.5,38.75,38.75,4470000
20160205,38.5,39.5,38.75,38.5,3690000
20160208,39,40,39.25,38.75,1390000
20160210,40.25,41,40.5,40,1240000
20160211,39.5,41,40,40.5,1370000
20160212,39.5,40.5,39.75,40,1380000
20160218,39.5,40,39.75,39.75,1410000
20160224,39,39.75,39.25,39,3580000
20160225,39,39.5,39,39.25,3520000
20160302,39,40.5,39.75,39,5210000
20160308,39.75,42.75,40.75,42.5,2170000
20160309,41.25,42.5,41.5,40.75,1570000
20160310,41.5,42.25,42,41.5,1630000
20160311,41.5,42,41.75,42,3200000
20160316,41.25,41.75,41.5,41.75,5200000
20160317,41.5,41.75,41.5,41.5,1790000
20160318,41.5,42.25,41.75,41.5,5190000
20160321,38,41.5,39.75,41.75,1550000
20160322,39.75,41,40.5,39.75,2640000
20160323,40,41.5,41,40.5,3120000
20160324,40.5,41.25,40.75,41,2310000
20160329,39.5,41,40,40.75,1630000
20160331,40,40.75,40.25,39.75,1170000
20160401,40,40.5,40,40.25,1350000
20160405,40,41,40.5,40.25,7000000
20160407,40.25,41.25,40.75,40.75,1020000
20160408,40,40.75,40.25,40.75,3380000
20160411,39.75,40.5,40.25,40.25,1100000
20160412,40,41,40.25,40.25,4470000
20160413,39.75,40.5,40,40.25,3010000
20160414,39.5,40.25,39.75,40,4300000
20160419,38.75,39,38.75,38.75,5950000
20160420,38.75,40,39,38.75,9950000
20160421,39,40.5,40,39,2890000
20160422,40,41,40.5,40,1240000
20160426,40,40.25,40,40,2570000
20160503,40,40.5,40,40,3870000
20160504,40,40.25,40,40,5070000
20160506,40,40.25,40,40,1780000
20160509,39.75,40.25,39.75,40,2020000
20160510,39.75,40.25,40,39.75,3120000
20160511,40,41,40.25,40,9140000
20160513,40,40.5,40.25,40.25,1230000
20160516,40,40.5,40,40.25,1140000
20160518,39.5,40.25,39.75,39.5,3800000
20160519,39.5,41,40.25,39.75,2530000
20160520,40.25,41.75,40.5,40.25,1640000
20160524,40,40.75,40.25,40.5,5070000
20160525,39.25,40.25,39.75,40.25,9180000
20160527,39,40.5,40,39.25,1520000
20160531,39.25,40,39.5,39.5,1400000
20160602,39.25,40.5,39.75,39.5,6230000
20160603,39.75,40,39.75,39.75,1040000
20160606,39.5,40,39.75,39.75,5280000
20160607,39.75,40.5,39.75,39.75,4830000
20160608,39,40,39.75,39.75,3870000
20160613,39.5,40.5,40,40,1690000
20160614,40,41,40,40,2280000
20160615,40,40.5,40.25,40,4240000
20160620,39.75,40.25,40,40,3880000
20160621,39.75,40,39.75,40,13890000
20160622,39.5,40.5,39.75,39.75,1490000
20160624,38.25,39.5,38.5,39.5,9270000
20160627,37.5,38.75,38.25,38.5,3280000
20160629,37.5,38.5,37.75,37.75,8990000
20160630,38,38.75,38.25,37.75,4800000
20160701,38.5,40,39,38.25,9480000
20160704,38.5,40,39.25,39,8000000
20160705,39.25,40,39.5,39.25,22180000
20160711,39.5,40,39.5,39.75,1620000
20160712,39.25,39.75,39.5,39.5,3860000
20160713,38,39.75,39.25,39.5,3170000
20160714,37.5,39,38.5,39.25,16410000
20160719,36.5,37.25,36.75,37.5,13070000
20160720,36.25,38,36.75,36.75,11600000
20160721,36.75,37,36.75,36.75,2580000
20160722,36.75,37,36.75,36.75,4540000
20160726,37,39,37.5,37.25,1180000
20160727,37.5,39.5,38.75,37.5,4910000
20160728,37.5,39.75,39,38.75,6420000
20160729,37.5,39,37.75,39,3100000
20160801,37.5,38.75,37.5,37.75,3390000
20160803,37.75,38,37.75,37.5,6750000
20160812,37.5,38.75,38.25,37.75,1040000
20160816,38.25,39,38.5,38.25,4950000
20160817,38,38.5,38.25,38.5,3900000
20160818,38,38.5,38.25,38.25,1440000
20160819,37.5,38.25,37.75,38.25,1670000
20160822,36.5,38.25,37,37.75,1250000
20160824,35.75,37,36,36.25,2170000
20160829,26.75,26.75,26.75,29.5,16280000
20160830,24.25,27,25.5,26.75,30200000
20160831,26.5,28,27.5,25.5,10050000
20160901,26.75,28.5,27,27.5,9430000
20160902,26,27,26.5,27,11980000
20160905,25.5,27,26.25,26.5,15050000
20160906,26,26.75,26,26.25,1170000
20160907,26,26.75,26,26,13300000
20160908,26.25,26.5,26.25,26,2740000
20160909,26,27,26,26.25,4700000
20160912,26,27,26,26.25,4700000
20160913,25.5,27,26,26,3290000
20160914,25.25,26,25.5,26,7390000
20160915,25.25,26,25.5,25.5,3920000
20160919,25,25.75,25.5,25.5,1260000
20160921,25.75,26.75,26,25.75,2290000
20160922,26,26.75,26.5,26,16900000
20160923,26.5,26.75,26.5,26.5,1670000
20160926,26.75,27.5,26.75,26.5,5020000
20160928,28,30,28.5,27.5,5620000
20160929,29.5,31,29.75,28.5,1780000
20160930,30,32.5,30.75,29.75,4560000
20161003,32,33.5,32.5,30.75,4940000
20161005,30.75,33,30.75,31,1250000
20161006,29.75,31,30,30.75,2440000
20161007,29.75,30.25,30,30,1130000
20161010,29.75,32.25,29.75,30,4410000
20161011,30,31,30.25,29.75,3760000
20161012,30,30.5,30.25,30.25,1920000
20161017,30.25,31.25,30.5,31,3650000
20161025,30.25,31,30.75,30.75,5800000
20161104,30.5,32,30.75,30.5,1290000
20161107,30.75,31.5,30.75,30.75,3060000
20161108,31,31.5,31,30.75,1940000
20161109,31,32,31.75,31,5850000
20161110,31,31.75,31.5,31.75,2009999
20161111,31,32,31.25,31.5,1030000
20161114,31.5,32.5,32,31.25,1610000
20161116,32.25,33,32.5,32,1690000
20161117,32,32.5,32.25,32.5,3350000
20161122,31.75,32,31.75,31.75,1670000
20161129,29.75,30.5,30,30,2049999
20161130,30,31,30,30,2600000
20161202,29.75,30.5,30,30,7410000
20161205,30,31,30,30,2069999
20161206,29.5,32,30,30,5070000
20161208,30,31,30,30,1470000
20161213,30,30.5,30,30,4540000
20161215,30,30.5,30,30,1460000
20161216,30,30.25,30,30,3300000
20161219,30,30.25,30,30,1510000
20170103,30,30,30,30,1990000
20170105,29,30.25,29.75,30,2570000
20170106,28.25,29.75,28.75,29.75,2120000
20170112,25,26.75,26.25,26.75,1150000
20170113,25.5,27,25.75,26.25,5060000
20170119,26,27,26,25.75,1930000
20170123,25.75,27,26,26,2250000
20170130,23.5,24,23.5,24.5,5340000
20170201,24,25.5,24.25,24.25,3300000
20170203,25,26.75,25,24.5,3390000
20170206,25,26,25.5,25,1760000
20170207,26,27.25,26,25.5,2069999
20170208,26.5,27.25,26.75,26,9690000
20170210,27,28,27,27.25,3490000
20170216,27,28,27,26.75,3740000
20170221,27,27.5,27,27,6510000
20170222,26.75,27.25,27,27,1060000
20170227,26.5,28,26.75,26.75,2049999
20170302,25.75,26.25,25.75,26,1130000
20170307,25.25,26,25.5,25.75,1730000
20170309,26,27,26.5,25.75,4970000
20170310,26.75,28.5,27,26.5,1430000
20170313,27,29.5,28.75,27,1370000
20170314,29,30.25,29,28.75,12130000
20170321,29.5,30,29.5,29.5,5880000
20170322,29.75,30,29.75,29.5,2790000
20170327,30.25,31,30.5,30.25,5050000
20170328,30.75,32,31.25,30.5,1360000
20170329,31.25,33,32.5,31.25,3260000
20170405,33,34.5,33.75,33.25,1420000
20170407,34.25,35,34.75,34.25,5680000
20170410,34,35,34,34.75,1810000
20170412,31,34,32.75,32,2600000
20170413,32.5,35,33,32.75,1290000
20170418,31.75,33.5,32.75,33,3290000
20170419,31,33,32.5,32.75,1060000
20170425,33,35,33.25,33,5740000
20170426,33.5,34.25,33.75,33.25,2750000
20170428,32.75,34,33,33.75,8610000
20170510,31,33,32.25,32.5,4070000
20170517,33,34,33.5,33,3310000
20170523,35,36.75,36,35.5,1330000
20170524,36.5,38.75,38,36,1520000
20170526,37.75,38.25,38,37.75,1820000
20170531,36.75,38.5,38,37.75,1250000
20170605,39.25,40,39.25,39.25,2140000
20170606,39,40,39.25,39.25,1330000
20170615,39.5,40.25,40,39.75,5420000
20170616,38,39.75,39,40,5150000
20170619,36.5,39,38,39,1420000
20170620,37,38.5,38.25,38,1940000
20170621,37.75,39,38.25,38.25,1150000
20170622,37.25,38.5,37.5,38.25,5180000
20170623,37.5,38,37.5,37.5,1090000
20170626,37.5,38,37.5,37.5,1090000
20170627,37.5,38,37.5,37.5,1090000
20170629,37.25,38.25,37.75,37.75,4250000
20170630,37.5,38,37.5,37.75,3310000
20170704,37.5,38,37.75,38,2040000
20170705,37.5,38,37.75,38,2040000
20170706,36.5,38,37.5,37.75,68580000
20170711,37,37.75,37.5,37,4440000
20170712,37,37.75,37.25,37.5,1110000
20170713,37,38,37.5,37.25,8830000
20170717,38.75,39.5,38.75,38,4160000
20170718,39,40.5,39.5,38.75,9190000
20170721,39.25,40.25,39.75,39.25,1610000
20170724,39.75,41,40.25,39.75,2960000
20170725,40.25,41.75,40.75,40.25,2089999
20170726,40.25,41.75,40.75,40.25,2089999
20170727,41,42,41,40.75,2250000
20170728,41.25,41.75,41.25,41,8210000
20170731,40.75,41.25,40.75,41.25,1140000
20170801,40.75,41.25,40.75,41.25,1140000
20170802,40,41,40.75,40.75,2680000
20170811,41.25,43.5,42.75,41,2620000
20170814,43,45,44,42.75,5980000
20170815,43.5,44.75,44.25,44,3830000
20170816,43.5,44.25,43.75,44.25,3470000
20170817,43,44,43,43.75,5110000
20170818,43,43.25,43,43,3500000
20170822,42.5,43.25,42.75,43,5510000
20170829,43.5,44.25,43.75,44.25,1010000
20170831,43.25,44,43.75,43.75,3040000
20170901,39.5,43.75,40.25,43.75,5140000
20170904,39,41,40,40.25,1660000
20170905,38.75,40,38.75,40,4700000
20170906,38.75,39.5,39,38.75,6070000
20170907,39,39.75,39.25,39,5250000
20170908,39,39.5,39,39.25,2510000
20170911,39,39.5,39,39,6540000
20170912,38.75,39.5,39,39,3900000
20170913,38.75,39.25,38.75,39,3640000
20170915,39,39.25,39,39,3520000
20170921,39.75,40.25,39.75,39.75,1270000
20171002,38,39.25,38.75,38.75,1060000
20171003,38,39.25,38.75,38.75,1060000
20171005,36.5,38,36.75,37,3910000
20171009,35.75,37,36,36.75,1630000
20171010,36,37,36.5,36,2600000
20171011,35.25,37,35.75,36.5,2009999
20171013,35.75,38,36,35.5,1740000
20171017,36,37,36,36,3820000
20171019,36,37.75,36.25,36.25,6730000
20171023,36.25,37,36.25,36.25,2670000
20171024,36,37.75,36.5,36.25,4500000
20171025,36,37.75,36.5,36.25,4500000
20171026,36,37.75,36.5,36.25,4500000
20171027,36.25,38,36.25,36.5,2000000
20171101,38,41.5,40.75,38,4240000
20171102,40,41.75,40.75,40.75,3090000
20171103,40,40.5,40.25,40.75,1440000
20171106,39.25,40.5,40,40.25,1630000
20171107,40,40.5,40,40,2990000
20171108,39.75,40.75,40.25,40,1270000
20171113,39.5,40,39.5,40,1020000
20171117,40.25,41.5,40.75,40.25,3870000
20171120,41,42.5,42,40.75,3140000
20171121,42,43,42.5,42,2450000
20171122,42.25,44.5,43.25,42.5,3480000
20171124,42.5,43.25,43,43,2900000
20171129,43,43.25,43,43,2230000
20171130,42.5,43,42.75,43,3830000
20171201,42,43,42.25,42.75,2420000
20171204,42,42.5,42.25,42.25,4630000
20171205,41.75,42,41.75,42.25,1510000
20171207,40.5,41.25,40.5,40.75,3370000
20171208,40.75,41.5,41,40.5,2430000
20171211,40.75,41,40.75,41,2260000
20171213,39.75,41,40.25,40.75,3150000
20171214,40,40.75,40.25,40.25,1250000
20171215,38,41,40.25,40.25,3340000
20171220,40,40.5,40.25,39.75,1730000
20180102,39.5,40.25,39.75,39.75,1030000
20180103,40,40.5,40,39.75,1650000
20180104,39.75,40.5,40,40,1710000
20180109,40.25,41,40.75,40,1460000
20180110,40.75,41.25,40.75,40.75,2880000
20180111,41,42,41.75,40.75,2020000
20180116,42,42.75,42.25,42,2300000
20180117,42.25,43,42.75,42.25,1620000
20180118,43,43.5,43.25,42.75,1250000
20180122,43.5,44.5,43.75,44,2240000
20180123,42.5,44,43,43.75,6800000
20180124,42.5,43,42.5,43,3050000
20180125,43,43.75,43.25,42.5,3300000
20180130,42.5,43.75,42.75,43.5,2680000
20180131,42.75,43.75,42.75,42.75,4880000
20180201,43,43.75,43.25,42.75,1110000
20180202,43.5,44.25,43.75,43.25,2480000
20180205,43.5,44.25,43.75,43.75,6210000
20180206,43.25,44,43.5,43.75,7750000
20180208,42.5,43.25,42.75,42.75,4200000
20180209,43,43.5,43,42.75,1630000
20180212,42.25,43.5,42.75,43,5500000
20180213,42.5,43.25,42.75,42.75,1810000
20180214,42.75,43,42.75,42.75,3030000
20180216,42.5,43,42.5,42.75,1330000
20180220,43,43.25,43,42.75,10550000
20180221,43,43.25,43,43,2150000
20180222,42.75,43.25,42.75,43,1250000
20180223,42.75,43,42.75,42.75,3110000
20180226,43,43.5,43,42.75,5490000
20180227,43,44,43.25,43,4490000
20180228,43.25,45,44,43.25,1420000
