20080609,6.95,8.0,7.35,219.0,416380000
20080610,6.65,8.0,6.95,7.35,127310000
20080611,6.9,7.1,6.95,6.95,183490000
20080612,7.1,7.5,7.35,6.95,131240000
20080613,7.0,7.65,7.45,7.35,250900000
20080616,7.5,8.15,7.9,7.45,103790000
20080617,7.7,8.05,7.8,7.9,121490000
20080618,7.7,7.9,7.8,7.8,112660000
20080619,7.8,7.9,7.85,7.8,58890000
20080620,7.7,7.9,7.8,7.85,61270000
20080623,7.75,7.9,7.8,7.8,100390000
20080624,7.55,7.8,7.7,7.8,56940000
20080625,7.4,7.7,7.55,7.7,68550000
20080626,7.05,7.5,7.25,7.55,56220000
20080627,7.2,7.4,7.25,7.25,77780000
20080630,7.3,7.55,7.4,7.25,36380000
20080701,7.25,7.5,7.35,7.4,41090000
20080702,7.2,7.5,7.25,7.35,60290000
20080703,7.0,7.4,7.2,7.25,47490000
20080704,7.05,7.2,7.1,7.2,25270000
20080707,6.95,7.2,7.05,7.1,29580000
20080708,6.85,7.0,6.9,7.05,21290000
20080709,6.75,7.0,6.8,6.9,33549999
20080710,6.8,7.2,6.95,6.8,64660000
20080711,6.85,7.0,6.9,6.95,21280000
20080714,6.7,6.95,6.8,6.9,17920000
20080715,6.55,6.8,6.7,6.8,29320000
20080716,6.65,6.75,6.65,6.7,30190000
20080717,6.5,6.7,6.6,6.65,18200000
20080718,5.95,6.6,6.2,6.6,72490000
20080721,6.2,6.5,6.3,6.2,21750000
20080722,6.4,6.5,6.45,6.3,28310000
20080723,6.35,6.5,6.45,6.45,22010000
20080724,6.4,6.5,6.45,6.45,17640000
20080725,6.25,6.95,6.35,6.45,115170000
20080728,6.05,6.4,6.3,6.35,13170000
20080729,6.0,6.2,6.0,6.3,31880000
20080730,5.75,6.2,5.95,6.0,49740000
20080731,5.45,6.0,5.8,5.95,18270000
20080801,5.5,5.9,5.7,5.8,23760000
20080804,5.7,5.9,5.75,5.7,49780000
20080805,5.75,5.9,5.8,5.75,18760000
20080806,5.55,5.9,5.75,5.8,8850000
20080807,5.55,5.85,5.75,5.75,14340000
20080808,5.55,5.75,5.6,5.75,6420000
20080811,5.4,5.75,5.5,5.6,13700000
20080812,4.95,5.5,5.15,5.5,16920000
20080813,5.05,5.5,5.2,5.15,22780000
20080814,5.35,5.7,5.55,5.2,6350000
20080815,5.55,6.05,5.85,5.55,27470000
20080818,5.7,6.0,5.85,5.85,8020000
20080819,5.75,5.9,5.8,5.85,14860000
20080820,5.8,5.9,5.8,5.8,9620000
20080821,5.7,5.85,5.8,5.8,17240000
20080822,5.7,5.85,5.75,5.8,6940000
20080825,5.6,5.8,5.7,5.75,12930000
20080826,5.55,6.0,5.7,5.7,7430000
20080827,5.5,5.8,5.65,5.7,12680000
20080828,5.5,5.75,5.65,5.65,19980000
20080829,5.25,5.7,5.5,5.65,35320000
20080901,5.1,5.6,5.4,5.5,8170000
20080902,5.2,5.5,5.35,5.4,5140000
20080903,5.2,5.5,5.35,5.35,13150000
20080904,5.2,5.35,5.25,5.35,8029999
20080905,5.2,5.45,5.25,5.25,15780000
20080908,5.2,5.4,5.3,5.25,12540000
20080909,5.25,5.4,5.3,5.3,9870000
20080910,5.2,5.4,5.25,5.3,20000000
20080911,5.05,5.3,5.2,5.25,11860000
20080912,5.05,5.25,5.15,5.2,25500000
20080915,4.85,5.2,5.05,5.15,5290000
20080916,4.6,5.1,4.8,5.05,48810000
20080917,4.7,4.95,4.8,4.8,7310000
20080918,4.75,5.2,4.9,4.8,34870000
20080919,4.85,5.05,4.9,4.9,32340000
20080922,4.65,5.1,4.95,4.9,19360000
20080923,4.85,5.0,4.95,4.95,22370000
20080924,4.9,5.0,4.95,4.95,17660000
20080925,4.9,5.1,4.95,4.95,31620000
20080926,4.9,5.05,4.95,4.95,12140000
20080929,4.9,5.0,4.95,4.95,5570000
20080930,4.8,5.0,4.9,4.95,8640000
20081001,4.8,5.0,4.9,4.95,8640000
20081002,4.8,5.0,4.85,4.9,4530000
20081003,4.7,4.95,4.8,4.85,29440000
20081006,4.7,4.8,4.75,4.8,9260000
20081007,4.3,4.75,4.5,4.75,25830000
20081008,4.05,4.4,4.05,4.5,15220000
20081009,3.65,4.0,3.7,4.05,72820000
20081010,3.65,4.0,3.7,4.05,72820000
20081013,3.75,4.05,3.95,3.7,16680000
20081014,3.9,4.35,4.0,3.95,20400000
20081015,4.0,4.35,4.05,4.0,15900000
20081016,3.8,4.3,3.95,4.05,11860000
20081017,3.8,4.3,3.9,3.95,5450000
20081021,3.55,4.0,3.7,3.9,9350000
20081022,3.5,3.8,3.6,3.7,6090000
20081023,3.5,3.8,3.6,3.6,8189999
20081024,3.35,3.6,3.45,3.6,8740000
20081027,3.3,3.7,3.4,3.45,8140000
20081028,3.1,3.5,3.25,3.4,7700000
20081029,3.0,3.4,3.1,3.25,9350000
20081030,3.05,3.25,3.1,3.1,12070000
20081031,3.2,3.4,3.35,3.1,23910000
20081103,3.4,3.7,3.55,3.35,11070000
20081104,3.8,3.9,3.85,3.55,12250000
20081105,4.0,4.2,4.15,3.85,23110000
20081106,4.0,4.2,4.15,3.85,23110000
20081107,3.8,4.3,4.0,4.15,22940000
20081110,4.05,4.4,4.2,4.0,8650000
20081111,4.05,4.5,4.25,4.2,21870000
20081112,3.65,4.3,3.85,4.25,13830000
20081113,3.55,3.9,3.8,3.85,4370000
20081114,3.8,4.0,3.8,3.8,12620000
20081117,3.75,3.95,3.85,3.8,6030000
20081118,3.7,3.9,3.8,3.85,13170000
20081119,3.5,3.8,3.65,3.8,7060000
20081120,3.5,3.85,3.6,3.65,7690000
20081121,3.5,3.7,3.65,3.6,15730000
20081124,3.55,3.7,3.6,3.65,8250000
20081125,3.6,3.8,3.7,3.6,4640000
20081126,3.65,3.9,3.75,3.7,5560000
20081127,3.6,3.8,3.75,3.75,1670000
20081128,3.55,3.8,3.65,3.75,7090000
20081201,3.5,3.7,3.55,3.65,2280000
20081202,3.2,3.55,3.35,3.55,6240000
20081203,3.25,3.4,3.35,3.35,1130000
20081204,3.2,3.4,3.2,3.35,5250000
20081205,3.2,3.4,3.3,3.2,4480000
20081208,3.15,3.4,3.2,3.3,3540000
20081209,3.2,3.3,3.25,3.2,3490000
20081210,3.2,3.4,3.3,3.25,4170000
20081211,3.25,3.4,3.35,3.3,2680000
20081215,3.3,3.5,3.4,3.35,2980000
20081216,3.3,3.5,3.35,3.4,6430000
20081217,3.3,3.5,3.35,3.35,3170000
20081218,3.35,3.6,3.45,3.35,5330000
20081219,3.4,3.6,3.45,3.45,12450000
20081222,3.4,3.6,3.5,3.45,2940000
20081223,3.45,3.6,3.5,3.5,2270000
20081224,3.5,3.7,3.55,3.5,4530000
20081229,3.45,3.75,3.55,3.55,13730000
20081230,3.5,3.7,3.6,3.55,9340000
20081231,3.55,3.7,3.6,3.6,1040000
20090102,3.6,3.75,3.6,3.6,1220000
20090105,3.6,3.75,3.6,3.6,1560000
20090106,3.6,3.75,3.6,3.6,3840000
20090107,3.6,3.75,3.6,3.6,4520000
20090108,3.5,3.7,3.55,3.6,3140000
20090109,3.5,3.65,3.55,3.55,3010000
20090112,3.5,3.6,3.55,3.55,2430000
20090113,3.5,3.6,3.5,3.55,1680000
20090114,3.5,3.6,3.5,3.5,2660000
20090115,3.45,3.6,3.5,3.5,4120000
20090116,3.3,3.5,3.4,3.5,7690000
20090119,3.3,3.4,3.35,3.4,2770000
20090120,3.2,3.35,3.25,3.35,5280000
20090121,3.0,3.25,3.1,3.25,4790000
20090122,3.0,3.15,3.05,3.1,4380000
20090123,3.1,3.25,3.1,3.05,7060000
20090126,3.1,3.25,3.1,3.1,5610000
20090127,3.15,3.25,3.2,3.1,14120000
20090128,3.15,3.3,3.2,3.2,3290000
20090129,3.15,3.25,3.2,3.2,3850000
20090130,3.15,3.25,3.15,3.2,1340000
20090202,3.1,3.2,3.1,3.15,4010000
20090203,3.0,3.2,3.1,3.1,4230000
20090204,3.1,3.25,3.1,3.1,6250000
20090205,3.1,3.2,3.1,3.1,9510000
20090206,3.1,3.25,3.1,3.1,1970000
20090209,3.1,3.2,3.1,3.1,2009999
20090210,3.1,3.3,3.15,3.1,3580000
20090211,3.1,3.25,3.15,3.15,3990000
20090212,3.0,3.3,3.15,3.15,7800000
20090213,3.1,3.15,3.1,3.15,2440000
20090216,3.05,3.15,3.1,3.1,3220000
20090217,3.0,3.15,3.1,3.1,1780000
20090218,3.0,3.1,3.0,3.1,5410000
20090219,2.95,3.1,3.0,3.0,5110000
20090220,2.95,3.1,3.0,3.0,2480000
20090223,2.8,3.1,2.9,3.0,3660000
20090224,2.7,2.9,2.8,2.9,4010000
20090225,2.65,2.8,2.7,2.8,4650000
20090226,2.5,2.7,2.6,2.7,3450000
20090227,2.5,2.7,2.55,2.6,5210000
20090302,2.55,2.7,2.6,2.55,9310000
20090303,2.6,2.7,2.65,2.6,6580000
20090304,2.6,2.7,2.6,2.65,7870000
20090305,2.65,2.75,2.65,2.6,2100000
20090306,2.65,2.75,2.65,2.65,10380000
20090309,2.7,2.9,2.7,2.65,4170000
20090310,2.7,2.8,2.7,2.7,2450000
20090312,2.8,3.0,2.85,2.75,5820000
20090313,2.9,3.1,2.95,2.85,6310000
20090316,2.7,3.05,2.95,2.95,4350000
20090317,3.0,3.15,3.0,2.95,3650000
20090318,3.0,3.25,3.1,3.0,1830000
20090319,3.05,3.3,3.05,3.1,5410000
20090320,3.05,3.2,3.1,3.05,2310000
20090323,3.0,3.15,3.05,3.1,2670000
20090324,2.95,3.15,3.05,3.05,3510000
20090325,2.95,3.1,3.05,3.05,16830000
20090326,3.0,3.1,3.05,3.05,1540000
20090327,3.05,3.2,3.1,3.05,5160000
20090330,3.05,3.15,3.05,3.1,5070000
20090331,2.9,3.1,3.0,3.05,8380000
20090401,2.9,3.0,2.95,3.0,1780000
20090402,2.8,3.0,2.9,2.95,5770000
20090403,2.85,2.95,2.9,2.9,1340000
20090406,2.85,3.0,2.9,2.9,1440000
20090407,2.75,3.0,2.8,2.9,5460000
20090408,2.6,2.9,2.8,2.8,3210000
20090409,2.75,2.9,2.85,2.8,2290000
20090414,2.8,2.9,2.85,2.85,2260000
20090415,2.75,2.9,2.8,2.85,2930000
20090416,2.75,2.85,2.75,2.8,8450000
20090417,2.75,2.85,2.75,2.75,8650000
20090420,2.75,2.9,2.8,2.75,11220000
20090421,2.8,2.95,2.85,2.8,10870000
20090422,2.8,2.9,2.8,2.85,3600000
20090423,2.8,2.85,2.8,2.8,12100000
20090424,2.65,2.85,2.75,2.8,8670000
20090427,2.7,2.8,2.75,2.75,5280000
20090428,2.7,2.85,2.75,2.75,4370000
20090429,2.8,2.9,2.8,2.75,1920000
20090430,2.75,2.9,2.85,2.8,3180000
20090504,2.7,2.85,2.8,2.85,4920000
20090505,2.75,2.9,2.8,2.8,15830000
20090506,2.8,2.85,2.8,2.8,4790000
20090507,2.75,2.85,2.8,2.8,13490000
20090508,2.8,2.85,2.8,2.8,3010000
20090511,2.8,2.9,2.8,2.8,8710000
20090512,2.8,2.85,2.8,2.8,5860000
20090513,2.7,2.9,2.75,2.8,3810000
20090514,2.8,2.95,2.85,2.75,1540000
20090515,2.9,3.0,2.95,2.85,1440000
20090518,2.9,3.05,2.95,2.95,3230000
20090519,2.9,3.0,2.95,2.95,5700000
20090520,2.95,3.05,2.95,2.95,23720000
20090521,2.75,2.95,2.85,2.95,20090000
20090522,2.8,2.9,2.85,2.85,8189999
20090525,2.8,2.9,2.8,2.85,10070000
20090526,2.75,2.9,2.8,2.8,22990000
20090527,2.75,2.9,2.8,2.8,10890000
20090528,2.75,2.85,2.75,2.8,13840000
20090529,2.7,2.85,2.75,2.75,17270000
20090602,2.75,2.85,2.75,2.75,18620000
20090603,2.8,2.85,2.8,2.75,11140000
20090604,2.8,2.85,2.8,2.8,6760000
20090605,2.8,2.9,2.8,2.8,17610000
20090608,2.8,2.9,2.8,2.8,6180000
20090609,2.8,2.9,2.8,2.8,6090000
20090610,2.8,2.95,2.85,2.8,2850000
20090611,2.85,3.05,2.95,2.85,13300000
20090612,2.95,3.1,3.0,2.95,14360000
20090615,3.0,3.15,3.05,3.0,12260000
20090616,3.0,3.25,3.15,3.05,10670000
20090617,3.1,3.4,3.3,3.15,8860000
20090618,3.3,3.6,3.5,3.3,21590000
20090619,3.4,3.6,3.45,3.5,20680000
20090622,3.35,3.5,3.4,3.45,8170000
20090623,3.2,3.5,3.3,3.4,5240000
20090624,3.15,3.3,3.2,3.3,5620000
20090625,3.05,3.3,3.2,3.2,5480000
20090626,3.15,3.25,3.15,3.2,2490000
20090629,3.05,3.25,3.1,3.15,12990000
20090630,3.05,3.4,3.2,3.1,8700000
20090701,3.2,3.4,3.3,3.2,12640000
20090702,3.25,3.55,3.4,3.3,6770000
20090703,3.35,3.7,3.55,3.4,10410000
20090706,3.5,3.8,3.7,3.55,13290000
20090707,3.6,3.8,3.75,3.7,8800000
20090708,3.55,3.75,3.65,3.75,12160000
20090709,3.55,3.7,3.6,3.65,4320000
20090710,3.6,3.75,3.65,3.6,8029999
20090713,3.6,3.7,3.6,3.65,5440000
20090714,3.5,3.65,3.6,3.6,7340000
20090715,3.25,3.8,3.65,3.6,8540000
20090716,3.3,3.8,3.75,3.65,5740000
20090717,3.5,3.8,3.65,3.75,5920000
20090720,3.6,3.75,3.7,3.65,4600000
20090721,3.7,3.8,3.75,3.7,4120000
20090722,3.7,3.8,3.75,3.75,5360000
20090723,3.65,3.8,3.7,3.75,9530000
20090724,3.7,3.8,3.75,3.7,3550000
20090727,3.7,3.8,3.7,3.75,7220000
20090728,3.7,3.75,3.7,3.7,4490000
20090729,3.6,3.75,3.65,3.7,2990000
20090730,3.6,3.8,3.7,3.65,7750000
20090731,3.6,3.8,3.75,3.7,10150000
20090803,3.7,3.8,3.7,3.75,4730000
20090804,3.7,3.9,3.75,3.7,8730000
20090805,3.75,3.9,3.75,3.75,8540000
20090806,3.8,4.0,3.9,3.75,8680000
20090807,3.9,4.0,3.9,3.9,4280000
20090810,3.6,4.0,3.9,3.9,10610000
20090811,3.7,3.95,3.9,3.9,4620000
20090812,3.8,3.95,3.9,3.9,5030000
20090813,3.6,3.95,3.8,3.9,11820000
20090814,3.75,3.9,3.8,3.8,9390000
20090817,3.7,3.85,3.75,3.8,6580000
20090818,3.65,3.85,3.7,3.75,4760000
20090819,3.6,3.85,3.6,3.7,13700000
20090820,3.5,3.85,3.55,3.6,13670000
20090821,3.55,3.65,3.6,3.55,8359999
20090824,3.5,3.6,3.5,3.6,7630000
20090825,3.5,3.6,3.5,3.6,7630000
20090826,3.5,3.65,3.5,3.5,9780000
20090827,3.5,3.65,3.55,3.5,9480000
20090828,3.55,3.7,3.6,3.55,3510000
20090831,3.55,3.8,3.6,3.6,6040000
20090901,3.6,3.75,3.6,3.6,2910000
20090902,3.65,3.75,3.65,3.6,2110000
20090903,3.6,3.75,3.65,3.65,5160000
20090904,3.6,3.8,3.65,3.65,2890000
20090907,3.65,3.8,3.65,3.65,2130000
20090908,3.65,3.7,3.65,3.65,2340000
20090909,3.6,3.7,3.6,3.65,4550000
20090910,3.5,3.75,3.65,3.6,2920000
20090911,3.65,3.8,3.7,3.65,2450000
20090914,3.6,3.9,3.8,3.7,5340000
20090915,3.75,3.9,3.85,3.8,5580000
20090916,3.85,3.95,3.85,3.85,11610000
20090917,3.85,3.95,3.9,3.85,12980000
20090918,3.7,3.95,3.85,3.9,6150000
20090921,3.7,3.95,3.85,3.9,6150000
20090922,3.65,3.85,3.75,3.85,4040000
20090923,3.55,3.9,3.8,3.75,9360000
20090924,3.75,3.9,3.85,3.8,2490000
20090925,3.65,3.9,3.75,3.85,5660000
20090928,3.55,3.85,3.75,3.75,4350000
20090929,3.65,3.8,3.7,3.75,9960000
20090930,3.7,3.8,3.7,3.7,10490000
20091001,3.7,3.8,3.7,3.7,2630000
20091002,3.7,3.8,3.75,3.7,5260000
20091005,3.65,3.8,3.7,3.75,3540000
20091006,3.7,3.75,3.7,3.7,3530000
20091007,3.5,3.85,3.65,3.7,12410000
20091008,3.65,3.8,3.7,3.65,6560000
20091009,3.7,3.85,3.7,3.7,6670000
20091012,3.65,3.75,3.7,3.7,6170000
20091013,3.7,3.8,3.7,3.7,8780000
20091014,3.7,3.85,3.75,3.7,13240000
20091015,3.7,3.85,3.75,3.75,5440000
20091016,3.75,3.9,3.8,3.75,1790000
20091019,3.7,3.85,3.8,3.8,4430000
20091021,3.75,3.9,3.75,3.8,9550000
20091022,3.6,3.9,3.8,3.75,10720000
20091023,3.6,3.9,3.8,3.75,10720000
20091026,3.8,3.95,3.85,3.8,7550000
20091027,3.8,4.0,3.9,3.85,27260000
20091028,3.9,4.0,3.9,3.9,6560000
20091029,3.8,4.05,3.95,3.9,10120000
20091030,3.8,4.05,3.95,3.9,10120000
20091102,3.9,4.05,4.0,3.95,8180000
20091103,3.95,4.05,3.95,4.0,10710000
20091104,3.65,4.0,3.95,3.95,7190000
20091105,3.8,4.0,3.95,3.95,12830000
20091106,3.9,4.05,4.0,3.95,6170000
20091109,3.95,4.05,4.0,4.0,4450000
20091110,4.0,4.05,4.0,4.0,9710000
20091111,4.0,4.05,4.0,4.0,3650000
20091112,4.0,4.1,4.05,4.0,6160000
20091113,4.05,4.15,4.05,4.05,2190000
20091116,4.05,4.2,4.1,4.05,3140000
20091117,4.0,4.2,4.1,4.1,5670000
20091118,4.1,4.4,4.2,4.1,4099999
20091119,4.3,4.5,4.4,4.2,14950000
20091120,4.15,4.8,4.5,4.4,53020000
20091123,4.55,4.95,4.8,4.5,34550000
20091124,4.65,4.8,4.7,4.8,23290000
20091125,4.55,5.15,4.9,4.7,29140000
20091126,5.0,5.2,5.05,4.9,22030000
20091127,4.75,5.1,5.0,5.05,15520000
20091130,4.6,5.0,4.85,5.0,5870000
20091201,4.8,4.95,4.8,4.85,3530000
20091202,4.65,4.85,4.8,4.8,10300000
20091203,4.7,4.85,4.7,4.8,2630000
20091204,4.55,4.7,4.6,4.7,3970000
20091207,4.5,4.6,4.5,4.6,8390000
20091208,4.45,4.7,4.5,4.5,14900000
20091209,4.5,4.6,4.5,4.5,9600000
20091210,4.5,4.65,4.55,4.5,4510000
20091211,4.4,4.55,4.5,4.55,4650000
20091214,4.5,4.6,4.5,4.5,2430000
20091215,4.4,4.6,4.5,4.5,6760000
20091216,4.5,4.65,4.5,4.5,10780000
20091217,4.5,4.6,4.55,4.5,7410000
20091218,4.5,4.65,4.55,4.55,3110000
20091221,4.5,4.6,4.5,4.55,8029999
20091222,4.5,4.6,4.5,4.5,2630000
20091223,4.4,4.6,4.5,4.5,7300000
20091224,4.45,4.6,4.5,4.5,2270000
20091228,4.4,4.65,4.55,4.5,5520000
20091229,4.55,4.6,4.55,4.55,3740000
20091230,4.5,4.65,4.55,4.55,6140000
20091231,4.4,4.6,4.55,4.55,4400000
20100104,4.55,4.65,4.55,4.55,2800000
20100105,4.55,4.7,4.55,4.55,1970000
20100106,4.7,4.9,4.8,4.55,3860000
20100107,4.85,5.05,4.95,4.8,22380000
20100108,5.0,5.1,5.0,4.95,37600000
20100111,5.0,5.15,5.05,5.0,20470000
20100112,5.0,5.2,5.15,5.05,52150000
20100113,5.1,5.65,5.4,5.15,31640000
20100114,5.5,5.9,5.75,5.4,34230000
20100115,5.45,5.7,5.55,5.75,27800000
20100118,5.5,6.1,6.0,5.55,88010000
20100119,5.55,6.05,5.95,6.0,14770000
20100120,5.5,5.95,5.6,5.95,9270000
20100121,5.35,5.6,5.4,5.6,21950000
20100122,5.35,5.5,5.45,5.4,9560000
20100125,5.45,5.7,5.55,5.45,13150000
20100126,5.5,5.6,5.55,5.55,12220000
20100127,5.45,5.7,5.55,5.55,9240000
20100128,5.35,5.55,5.45,5.55,10750000
20100129,5.1,5.45,5.25,5.45,6450000
20100201,5.05,5.35,5.15,5.25,9310000
20100202,5.0,5.1,5.0,5.15,2870000
20100203,4.9,5.5,5.35,5.0,41540000
20100204,5.35,5.85,5.7,5.35,32320000
20100205,5.55,5.75,5.65,5.7,9440000
20100208,5.3,5.6,5.5,5.65,7270000
20100209,5.3,5.55,5.5,5.5,4620000
20100210,5.35,5.55,5.4,5.5,4980000
20100211,5.35,5.5,5.35,5.4,2590000
20100212,5.35,5.4,5.35,5.35,3130000
20100215,5.35,5.4,5.35,5.35,4800000
20100216,5.15,5.4,5.3,5.35,7150000
20100217,5.15,5.3,5.2,5.3,7970000
20100218,5.25,5.4,5.3,5.2,4670000
20100219,5.3,5.4,5.3,5.3,9550000
20100222,5.35,5.45,5.35,5.3,4670000
20100223,5.3,5.4,5.35,5.35,2280000
20100224,5.3,5.45,5.35,5.35,7660000
20100225,5.3,5.5,5.4,5.35,27200000
20100226,5.35,5.45,5.4,5.4,17830000
20100301,5.25,5.45,5.35,5.4,9330000
20100302,5.35,5.45,5.4,5.35,10130000
20100303,5.35,5.45,5.4,5.4,9290000
20100304,5.35,5.5,5.4,5.4,6370000
20100305,5.35,5.45,5.35,5.4,4820000
20100308,5.4,5.45,5.4,5.35,18280000
20100309,5.4,5.5,5.4,5.4,16309999
20100310,5.4,5.5,5.45,5.4,8590000
20100311,5.45,5.5,5.45,5.45,7650000
20100312,5.45,5.55,5.45,5.45,4500000
20100315,5.4,5.5,5.45,5.45,12460000
20100316,5.45,5.5,5.45,5.45,9600000
20100317,5.35,5.5,5.4,5.45,39120000
20100318,5.3,5.45,5.4,5.4,10970000
20100319,5.3,5.45,5.35,5.4,49190000
20100322,5.2,5.45,5.3,5.35,38250000
20100323,5.3,5.6,5.45,5.3,12060000
20100324,5.5,5.6,5.5,5.45,12530000
20100325,5.5,5.55,5.5,5.5,4380000
20100326,5.5,5.6,5.5,5.5,19140000
20100329,5.5,5.6,5.5,5.5,13940000
20100330,5.5,5.6,5.5,5.5,8289999
20100331,5.5,5.6,5.5,5.5,52670000
20100401,5.4,5.6,5.5,5.5,6980000
20100406,5.5,5.6,5.55,5.5,14060000
20100407,5.55,5.6,5.55,5.55,11340000
20100408,5.5,5.6,5.5,5.55,6090000
20100409,5.5,5.6,5.55,5.5,6410000
20100412,5.55,5.65,5.6,5.55,12290000
20100413,5.5,5.7,5.6,5.6,15660000
20100414,5.65,5.85,5.75,5.6,14060000
20100415,5.8,5.95,5.8,5.75,9700000
20100416,5.65,5.9,5.8,5.8,19700000
20100419,5.5,5.8,5.65,5.8,10260000
20100420,5.7,5.85,5.75,5.65,5970000
20100421,5.75,5.85,5.8,5.75,5880000
20100422,5.5,5.9,5.8,5.8,5610000
20100423,5.8,5.9,5.8,5.8,4530000
20100426,5.8,5.9,5.8,5.8,9340000
20100427,5.8,5.9,5.8,5.8,11590000
20100428,5.8,5.9,5.8,5.8,7230000
20100429,5.8,5.9,5.8,5.8,4450000
20100430,5.8,5.9,5.8,5.8,4290000
20100503,5.8,5.9,5.8,5.8,6670000
20100504,5.8,5.9,5.8,5.8,9470000
20100505,5.8,6.0,5.95,5.8,35650000
20100506,5.95,6.05,5.95,5.95,42930000
20100507,5.9,6.0,5.9,5.95,41050000
20100510,5.6,6.0,5.75,5.9,8520000
20100511,5.6,5.8,5.65,5.75,5000000
20100512,5.55,5.7,5.6,5.65,11660000
20100513,5.6,5.8,5.65,5.6,75200000
20100514,5.6,5.8,5.7,5.65,72930000
20100517,5.45,5.7,5.6,5.7,47210000
20100518,5.5,5.7,5.55,5.6,6950000
20100519,5.55,5.6,5.55,5.55,27300000
20100520,5.5,5.6,5.55,5.55,15530000
20100521,5.55,5.65,5.55,5.55,29760000
20100524,5.5,5.6,5.5,5.55,18550000
20100525,5.35,5.6,5.4,5.5,36570000
20100526,5.3,5.7,5.4,5.4,150960000
20100527,5.1,5.9,5.3,5.4,83670000
20100528,5.3,5.65,5.5,5.3,10860000
20100531,5.4,5.6,5.55,5.5,2069999
20100602,5.2,5.65,5.55,5.55,9680000
20100603,5.5,5.65,5.55,5.55,4530000
20100604,5.5,5.65,5.6,5.55,5850000
20100607,5.5,5.6,5.55,5.6,3670000
20100608,5.5,5.6,5.55,5.55,18000000
20100609,5.5,5.55,5.5,5.55,4290000
20100610,5.45,5.6,5.5,5.5,9290000
20100611,5.5,5.65,5.55,5.5,5210000
20100614,5.5,5.65,5.55,5.55,3740000
20100615,5.5,5.7,5.6,5.55,7990000
20100616,5.65,5.9,5.75,5.6,11860000
20100617,5.7,5.9,5.8,5.75,8090000
20100618,5.3,5.85,5.75,5.8,6570000
20100621,5.65,5.8,5.7,5.75,3540000
20100622,5.7,5.8,5.75,5.7,7990000
20100623,5.45,5.8,5.75,5.75,10900000
20100624,5.7,5.9,5.8,5.75,13680000
20100625,5.75,5.9,5.8,5.8,9270000
20100628,5.6,5.85,5.75,5.8,5880000
20100629,5.7,5.85,5.8,5.75,9970000
20100630,5.75,5.9,5.8,5.8,10240000
20100701,5.8,5.9,5.8,5.8,3970000
20100702,5.75,5.85,5.75,5.8,8530000
20100705,5.7,5.85,5.75,5.75,6560000
20100706,5.7,5.95,5.75,5.75,8740000
20100707,5.6,5.8,5.75,5.75,3930000
20100708,5.6,5.85,5.8,5.75,12150000
20100709,5.8,5.85,5.8,5.8,5210000
20100712,5.8,5.9,5.8,5.8,5860000
20100713,5.8,5.9,5.8,5.8,8710000
20100714,5.85,5.95,5.9,5.8,15380000
20100715,5.9,5.95,5.9,5.9,5890000
20100716,5.9,5.95,5.9,5.9,5310000
20100719,5.8,5.9,5.85,5.9,7200000
20100720,5.5,5.9,5.8,5.85,7370000
20100721,5.5,5.9,5.65,5.8,4310000
20100722,5.6,5.8,5.7,5.65,3950000
20100723,5.6,5.75,5.65,5.7,3000000
20100726,5.55,5.7,5.6,5.65,4350000
20100727,5.6,5.7,5.65,5.6,9980000
20100728,5.65,5.75,5.65,5.65,4340000
20100729,5.7,5.9,5.8,5.65,7270000
20100730,5.8,5.95,5.85,5.8,9090000
20100802,5.9,6.0,5.95,5.85,10990000
20100803,5.9,6.15,6.0,5.95,33090000
20100804,5.9,6.15,6.0,5.95,33090000
20100805,5.95,6.05,5.95,6.0,10090000
20100806,5.9,6.0,5.9,5.95,6400000
20100809,5.8,6.0,5.9,5.9,5710000
20100810,5.9,6.0,5.9,5.9,8790000
20100811,5.75,5.95,5.85,5.9,15460000
20100812,5.55,5.8,5.7,5.85,8570000
20100813,5.55,5.75,5.6,5.7,6860000
20100816,5.6,5.85,5.65,5.6,4099999
20100817,5.7,5.85,5.75,5.65,3750000
20100818,5.75,5.85,5.75,5.75,11320000
20100819,5.65,5.8,5.7,5.75,36310000
20100820,5.2,5.7,5.4,5.7,21690000
20100823,5.05,5.45,5.2,5.4,35180000
20100824,5.2,5.4,5.25,5.2,20730000
20100825,4.85,5.35,5.15,5.25,23960000
20100826,4.7,5.0,4.85,5.15,1880000
20100827,4.7,5.0,4.85,5.15,1880000
20100830,4.8,4.95,4.85,4.85,8890000
20100831,4.85,4.9,4.85,4.85,9890000
20100901,4.8,4.9,4.8,4.85,4480000
20100902,4.8,4.9,4.8,4.8,6690000
20100903,4.5,4.8,4.7,4.8,12590000
20100906,4.65,4.8,4.7,4.7,4200000
20100907,4.75,4.85,4.75,4.7,4790000
20100908,4.8,5.0,4.95,4.75,19440000
20100909,4.8,5.0,4.85,4.95,1910000
20100910,4.65,4.9,4.75,4.85,6500000
20100913,4.55,4.8,4.7,4.75,5170000
20100914,4.7,4.85,4.75,4.7,25780000
20100915,4.65,4.8,4.7,4.75,4380000
20100916,4.65,4.75,4.65,4.7,5160000
20100917,4.55,4.7,4.65,4.65,18050000
20100920,4.55,4.75,4.65,4.65,3670000
20100921,4.5,4.65,4.55,4.65,15300000
20100922,4.5,4.6,4.5,4.55,16090000
20100923,4.5,4.6,4.5,4.5,3700000
20100924,4.4,4.55,4.45,4.5,6900000
20100927,4.05,4.45,4.3,4.45,2920000
20100928,4.3,4.45,4.3,4.3,12410000
20100929,4.35,4.45,4.35,4.3,12800000
20100930,4.4,4.5,4.45,4.35,6610000
20101001,4.4,4.5,4.45,4.45,33790000
20101004,4.45,4.6,4.55,4.45,10070000
20101005,4.55,4.7,4.6,4.55,1940000
20101006,4.65,4.9,4.7,4.6,9510000
20101007,4.75,4.95,4.85,4.7,13610000
20101008,4.8,4.95,4.85,4.85,19310000
20101011,4.85,4.95,4.85,4.85,6070000
20101012,4.85,4.9,4.85,4.85,5840000
20101013,4.85,4.9,4.85,4.85,8430000
20101014,4.85,4.95,4.85,4.85,6400000
20101015,4.9,5.0,4.9,4.85,17850000
20101018,4.9,4.95,4.9,4.9,4010000
20101019,4.9,5.0,4.9,4.9,17560000
20101021,4.9,4.95,4.9,4.9,4780000
20101022,4.9,4.95,4.9,4.9,4310000
20101025,4.9,4.95,4.9,4.9,4070000
20101026,4.9,5.0,4.95,4.9,13920000
20101027,4.9,4.95,4.9,4.95,14230000
20101028,4.85,4.95,4.85,4.9,9200000
20101029,4.85,4.95,4.85,4.85,5080000
20101101,4.85,4.95,4.85,4.85,11700000
20101102,4.8,4.95,4.85,4.85,9280000
20101103,4.7,4.9,4.75,4.85,12380000
20101104,4.7,4.8,4.75,4.75,4970000
20101105,4.65,4.75,4.65,4.75,6810000
20101108,4.7,4.75,4.7,4.65,6250000
20101109,4.6,4.8,4.7,4.7,63060000
20101110,4.5,4.8,4.7,4.7,5030000
20101111,4.7,4.8,4.7,4.7,5520000
20101112,4.75,4.8,4.75,4.7,8730000
20101115,4.6,4.8,4.7,4.75,6740000
20101116,4.5,4.65,4.55,4.7,8800000
20101117,4.3,4.6,4.55,4.55,9420000
20101118,4.5,4.55,4.5,4.55,9860000
20101119,4.5,4.6,4.5,4.5,16629999
20101122,4.5,4.6,4.55,4.5,15620000
20101123,4.5,4.6,4.55,4.55,9180000
20101124,4.5,4.65,4.55,4.55,6120000
20101125,4.5,4.6,4.5,4.55,16790000
20101126,4.5,4.65,4.55,4.5,9930000
20101129,4.5,4.6,4.5,4.55,9100000
20101130,4.5,4.6,4.5,4.5,2660000
20101201,4.5,4.6,4.55,4.5,6330000
20101202,4.5,4.6,4.55,4.55,13460000
20101203,4.5,4.6,4.55,4.55,3010000
20101206,4.5,4.6,4.5,4.55,13030000
20101207,4.5,4.65,4.55,4.5,19500000
20101208,4.5,4.65,4.55,4.55,19210000
20101209,4.55,4.75,4.65,4.55,11170000
20101210,4.6,4.75,4.7,4.65,8119999
20101214,4.7,4.75,4.7,4.7,7090000
20101215,4.7,4.75,4.7,4.7,16280000
20101216,4.7,4.75,4.7,4.7,9620000
20101217,4.7,4.75,4.7,4.7,3660000
20101220,4.6,4.75,4.65,4.7,23420000
20101221,4.6,4.7,4.6,4.65,2400000
20101222,4.6,4.7,4.65,4.6,3230000
20101223,4.6,4.75,4.7,4.65,9040000
20101224,4.7,4.8,4.7,4.7,1560000
20101228,4.7,4.8,4.7,4.65,5250000
20101229,4.7,4.75,4.7,4.7,4320000
20101230,4.65,4.8,4.7,4.7,1710000
20101231,4.6,4.75,4.7,4.7,2760000
20110103,4.65,4.75,4.7,4.7,1210000
20110104,4.65,4.75,4.7,4.7,28440000
20110105,4.6,4.75,4.65,4.7,19490000
20110106,4.65,4.75,4.7,4.65,19350000
20110107,4.7,4.85,4.75,4.7,47080000
20110110,4.75,4.8,4.75,4.75,33460000
20110111,4.75,4.8,4.75,4.75,6870000
20110112,4.7,4.8,4.75,4.75,79310000
20110113,4.75,4.85,4.75,4.75,45930000
20110114,4.6,4.8,4.7,4.75,25880000
20110117,4.4,4.7,4.5,4.7,23570000
20110118,4.2,4.5,4.25,4.5,13350000
20110119,4.25,4.4,4.3,4.25,36000000
20110120,4.3,4.4,4.3,4.3,17670000
20110121,4.35,4.45,4.35,4.3,15190000
20110124,4.4,4.45,4.4,4.35,19770000
20110125,4.4,4.45,4.4,4.4,3000000
20110126,4.4,4.6,4.5,4.4,12570000
20110127,4.5,4.7,4.6,4.5,9760000
20110128,4.5,4.6,4.5,4.6,8150000
20110131,4.4,4.6,4.45,4.5,4920000
20110201,4.4,4.5,4.4,4.45,10330000
20110202,4.4,4.45,4.4,4.4,12810000
20110203,4.4,4.45,4.4,4.4,6630000
20110204,4.4,4.45,4.4,4.4,6280000
20110207,4.35,4.45,4.35,4.4,7210000
20110208,4.35,4.45,4.4,4.35,7680000
20110209,4.35,4.45,4.35,4.4,3000000
20110210,4.35,4.45,4.35,4.35,3090000
20110211,4.35,4.4,4.35,4.35,1400000
20110214,4.35,4.4,4.35,4.35,5490000
20110215,4.35,4.4,4.35,4.35,3590000
20110216,4.35,4.4,4.35,4.35,4860000
20110217,4.3,4.4,4.35,4.35,8610000
20110218,4.3,4.4,4.3,4.35,9400000
20110221,4.3,4.35,4.3,4.3,5360000
20110222,4.2,4.35,4.2,4.3,13070000
20110223,4.15,4.25,4.15,4.2,2390000
20110224,4.15,4.25,4.15,4.15,13260000
20110225,4.0,4.2,4.1,4.15,12450000
20110228,3.9,4.2,4.0,4.1,14930000
20110302,3.7,4.05,3.75,3.7,16420000
20110303,3.8,3.95,3.85,3.75,11010000
20110304,3.85,4.0,3.9,3.85,19890000
20110307,3.8,3.95,3.85,3.9,6960000
20110308,3.85,3.9,3.85,3.85,4190000
20110309,3.8,3.9,3.8,3.85,1250000
20110310,3.6,3.85,3.75,3.8,9140000
20110311,3.6,3.85,3.8,3.75,6400000
20110314,3.85,4.0,3.95,3.8,19140000
20110315,4.0,4.2,4.1,3.95,19740000
20110316,4.15,4.25,4.15,4.1,8720000
20110317,3.9,4.2,4.1,4.15,6870000
20110318,3.95,4.15,4.0,4.1,11130000
20110321,3.9,4.1,3.95,4.0,2320000
20110322,3.8,4.0,3.9,3.95,1270000
20110323,3.85,4.0,3.95,3.9,1370000
20110324,3.9,4.0,3.95,3.95,3800000
20110325,3.95,4.0,3.95,3.95,38080000
20110328,3.95,4.05,3.95,3.95,8990000
20110329,3.9,4.0,3.9,3.95,19090000
20110330,3.8,3.95,3.85,3.9,21930000
20110331,3.8,3.9,3.8,3.85,3560000
20110401,3.8,3.95,3.85,3.8,19000000
20110404,3.9,4.15,4.0,3.85,23350000
20110405,4.05,4.15,4.1,4.0,34720000
20110406,4.05,4.1,4.05,4.1,1620000
20110407,4.0,4.2,4.1,4.05,21460000
20110408,4.1,4.25,4.15,4.1,19610000
20110411,4.1,4.25,4.15,4.15,26840000
20110412,4.0,4.2,4.05,4.15,28520000
20110413,4.0,4.15,4.05,4.05,18840000
20110414,4.05,4.25,4.15,4.05,8630000
20110415,4.15,4.25,4.2,4.15,11130000
20110418,4.1,4.2,4.1,4.2,3410000
20110419,4.05,4.2,4.15,4.1,25680000
20110421,3.95,4.15,4.0,4.05,9600000
20110426,3.85,4.05,3.95,4.0,11140000
20110427,3.9,4.0,3.95,3.95,3020000
20110428,3.85,4.0,3.95,3.95,1550000
20110429,3.9,4.05,3.95,3.95,11930000
20110503,3.95,4.1,3.95,3.95,9130000
20110504,3.95,4.05,3.95,3.95,22030000
20110505,3.95,4.05,3.95,3.95,11620000
20110506,3.95,4.0,3.95,3.95,1630000
20110509,3.85,4.0,3.9,3.95,2570000
20110510,3.85,4.0,3.95,3.9,3760000
20110511,3.85,4.0,3.9,3.95,5890000
20110512,3.85,3.9,3.85,3.9,18290000
20110513,3.85,4.0,3.9,3.85,13160000
20110516,3.9,4.05,4.0,3.9,13710000
20110517,3.9,4.05,3.95,4.0,6990000
20110519,3.9,4.0,3.9,3.9,1390000
20110523,3.85,3.95,3.9,3.9,2310000
20110524,3.85,3.95,3.9,3.9,24820000
20110525,3.85,3.95,3.85,3.9,10910000
20110526,3.85,3.95,3.85,3.85,3730000
20110527,3.85,3.9,3.85,3.85,10150000
20110530,3.85,3.95,3.85,3.85,3310000
20110531,3.85,3.9,3.85,3.85,2390000
20110602,3.85,4.0,3.95,3.85,4220000
20110603,3.9,4.0,3.9,3.95,12040000
20110606,3.85,3.95,3.85,3.9,1070000
20110607,3.85,3.95,3.9,3.85,2080000
20110608,3.9,3.95,3.9,3.9,4250000
20110609,3.9,4.0,3.9,3.9,10310000
20110610,3.95,4.0,3.95,3.9,4210000
20110613,3.9,4.0,3.9,3.95,6070000
20110614,3.95,4.0,3.95,3.9,36840000
20110615,3.9,4.0,3.95,3.95,14320000
20110616,3.9,3.95,3.9,3.95,5060000
20110617,3.9,4.0,3.9,3.9,5060000
20110620,3.9,4.0,3.9,3.9,6030000
20110621,3.95,4.0,3.95,3.9,5340000
20110622,3.85,4.0,3.9,3.95,1650000
20110623,3.9,4.0,3.95,3.9,1950000
20110624,3.9,4.0,3.95,3.95,1500000
20110627,3.9,4.0,3.9,3.95,1090000
20110628,3.9,4.0,3.9,3.9,6170000
20110629,3.85,4.0,3.9,3.9,16880000
20110630,3.9,4.0,3.95,3.9,8700000
20110704,3.85,3.95,3.9,3.9,15360000
20110705,3.85,3.95,3.9,3.9,5200000
20110706,3.85,3.95,3.9,3.9,1020000
20110707,3.85,4.0,3.9,3.9,25780000
20110708,3.85,4.0,3.9,3.9,25780000
20110711,3.8,3.95,3.85,3.9,1430000
20110712,3.5,3.9,3.75,3.85,1700000
20110714,3.45,3.5,3.45,3.55,6360000
20110715,3.5,3.75,3.65,3.45,40480000
20110718,3.55,3.75,3.7,3.65,17550000
20110721,3.5,3.7,3.55,3.55,30260000
20110722,3.55,3.75,3.65,3.55,22730000
20110725,3.6,3.75,3.65,3.65,10130000
20110726,3.6,3.7,3.6,3.65,7570000
20110727,3.55,3.75,3.65,3.6,2800000
20110728,3.55,3.7,3.6,3.65,1520000
20110729,3.55,3.65,3.55,3.6,1850000
20110802,3.55,3.7,3.65,3.5,12040000
20110803,3.65,3.75,3.7,3.65,57380000
20110804,3.65,3.75,3.7,3.7,46410000
20110805,3.5,3.7,3.55,3.7,5450000
20110808,3.3,3.6,3.4,3.55,11480000
20110809,3.2,3.45,3.25,3.4,1020000
20110810,3.15,3.4,3.3,3.25,10490000
20110811,3.3,3.4,3.35,3.3,6070000
20110812,3.35,3.4,3.35,3.35,1120000
20110815,3.3,3.4,3.35,3.35,21130000
20110816,3.35,3.4,3.35,3.35,33830000
20110817,3.3,3.4,3.35,3.35,17310000
20110818,3.25,3.35,3.3,3.35,18110000
20110819,3.2,3.3,3.25,3.3,7880000
20110823,3.05,3.2,3.1,3.15,41010000
20110824,3.1,3.15,3.1,3.1,1700000
20110825,3.05,3.15,3.05,3.1,2670000
20110826,3.0,3.1,3.05,3.05,2440000
20110829,3.0,3.1,3.05,3.05,34660000
20110830,3.0,3.05,3.0,3.05,4050000
20110831,3.0,3.05,3.0,3.05,4050000
20110901,2.95,3.05,3.0,3.0,23600000
20110902,2.95,3.0,2.95,3.0,38340000
20110906,2.9,3.1,2.95,2.95,121850000
20110907,3.0,3.2,3.1,2.95,23330000
20110908,3.0,3.25,3.15,3.1,1070000
20110909,2.95,3.1,3.0,3.15,40750000
20110912,3.0,3.15,3.0,3.0,1800000
20110913,3.0,3.2,3.1,3.0,36320000
20110914,3.05,3.2,3.1,3.1,15170000
20110915,3.1,3.2,3.1,3.1,6910000
20110916,3.1,3.2,3.1,3.1,6580000
20110919,3.15,3.25,3.15,3.1,7240000
20110920,3.15,3.25,3.2,3.15,3570000
20110921,3.2,3.3,3.2,3.2,8240000
20110922,3.2,3.3,3.25,3.2,5610000
20110923,3.2,3.3,3.25,3.25,1010000
20110926,3.15,3.3,3.2,3.25,6970000
20110927,3.1,3.2,3.15,3.2,11630000
20110928,3.0,3.2,3.1,3.15,5440000
20110929,3.0,3.15,3.0,3.1,15730000
20110930,2.95,3.15,2.95,3.0,7200000
20111003,2.95,3.05,3.0,2.95,2980000
20111004,3.0,3.1,3.0,3.0,29510000
20111005,2.95,3.05,2.95,3.0,7140000
20111006,3.0,3.1,3.05,2.95,2770000
20111010,3.05,3.1,3.05,3.05,2860000
20111011,3.1,3.2,3.1,3.05,3680000
20111012,3.05,3.2,3.05,3.1,3220000
20111013,3.05,3.1,3.05,3.05,2120000
20111014,3.05,3.1,3.05,3.05,2670000
20111018,3.05,3.15,3.1,3.05,1600000
20111019,3.05,3.15,3.05,3.1,70760000
20111021,3.0,3.1,3.05,3.05,80020000
20111024,3.0,3.1,3.0,3.05,29040000
20111025,3.0,3.1,3.05,3.0,26790000
20111026,3.0,3.1,3.05,3.05,2110000
20111027,3.0,3.1,3.05,3.05,63830000
20111028,2.95,3.05,3.0,3.05,34600000
20111031,3.0,3.05,3.0,3.0,30030000
20111101,2.95,3.05,3.0,3.0,22710000
20111102,2.9,3.05,2.9,3.0,8480000
20111103,2.95,3.05,3.0,2.9,41900000
20111104,2.95,3.05,2.95,3.0,3610000
20111107,2.95,3.05,3.0,2.95,24590000
20111108,2.95,3.05,3.0,2.95,24590000
20111109,2.95,3.05,2.95,3.0,2880000
20111110,2.7,3.0,2.9,2.95,8980000
20111111,2.9,2.95,2.9,2.9,24780000
20111114,2.9,3.0,2.9,2.9,7670000
20111115,2.9,2.95,2.9,2.9,32920000
20111117,2.9,3.0,2.9,2.9,16860000
20111118,2.8,2.95,2.85,2.9,1160000
20111121,2.8,2.95,2.85,2.85,1070000
20111122,2.9,3.0,2.9,2.85,1360000
20111123,2.8,2.95,2.85,2.9,4170000
20111124,2.85,2.95,2.85,2.85,7570000
20111129,2.75,2.85,2.8,2.8,3050000
20111130,2.8,2.9,2.8,2.8,27430000
20111202,2.8,2.9,2.8,2.8,34960000
20111205,2.8,2.9,2.85,2.8,9260000
20111206,2.75,2.9,2.8,2.85,7390000
20111207,2.75,2.85,2.8,2.8,29810000
20111208,2.7,2.85,2.75,2.8,3240000
20111213,2.75,2.85,2.75,2.75,8180000
20111214,2.75,3.0,2.8,2.75,13720000
20111215,2.75,2.85,2.75,2.8,12720000
20111216,2.75,2.9,2.8,2.75,10360000
20111219,2.8,2.9,2.8,2.8,1860000
20111220,2.8,2.9,2.8,2.8,4059999
20111221,2.85,3.05,2.9,2.8,7510000
20111222,2.95,3.05,2.95,2.9,9170000
20111223,3.0,3.05,3.0,2.95,1810000
20111228,2.95,3.1,3.05,3.05,1170000
20111229,2.95,3.1,3.0,3.05,4380000
20111230,2.9,3.05,2.95,3.0,1590000
20120103,2.9,3.0,2.95,2.95,7410000
20120104,2.95,3.0,2.95,2.95,2320000
20120105,2.95,3.0,2.95,2.95,8210000
20120106,2.95,3.1,3.0,2.95,5120000
20120109,3.0,3.15,3.05,3.0,1200000
20120110,3.05,3.2,3.1,3.05,6560000
20120111,3.05,3.2,3.15,3.1,5120000
20120112,3.1,3.25,3.15,3.15,13350000
20120113,3.15,3.25,3.15,3.15,29210000
20120117,3.2,3.3,3.25,3.2,3820000
20120118,3.2,3.35,3.25,3.25,4960000
20120119,3.25,3.35,3.3,3.25,2100000
20120120,3.25,3.4,3.3,3.3,27910000
20120123,3.25,3.35,3.25,3.3,19610000
20120124,3.2,3.3,3.2,3.25,24740000
20120126,3.1,3.25,3.15,3.1,5860000
20120127,3.1,3.35,3.25,3.15,25610000
20120131,3.15,3.25,3.2,3.2,5670000
20120201,3.15,3.3,3.2,3.2,4160000
20120202,3.2,3.25,3.2,3.2,1850000
20120206,3.15,3.25,3.2,3.2,25070000
20120207,3.15,3.25,3.2,3.2,1470000
20120208,3.2,3.3,3.2,3.2,37090000
20120209,3.2,3.3,3.2,3.2,36770000
20120213,3.2,3.25,3.2,3.2,7390000
20120214,3.2,3.3,3.2,3.2,3810000
20120215,3.2,3.35,3.3,3.2,37120000
20120216,3.3,3.4,3.3,3.3,20920000
20120217,3.25,3.35,3.3,3.3,7230000
20120220,3.2,3.3,3.2,3.3,2970000
20120222,3.15,3.25,3.15,3.2,9820000
20120223,3.15,3.2,3.15,3.15,5710000
20120227,2.95,3.1,3.0,3.1,4710000
20120229,3.0,3.15,3.05,3.05,5240000
20120301,3.1,3.15,3.1,3.05,4170000
20120305,3.1,3.35,3.2,3.05,4330000
20120307,3.25,3.4,3.3,3.3,8590000
20120308,3.1,3.35,3.25,3.3,3410000
20120312,3.1,3.25,3.1,3.15,3020000
20120313,3.1,3.2,3.1,3.1,2009999
20120314,3.1,3.15,3.1,3.1,11590000
20120315,3.1,3.15,3.1,3.1,1170000
20120316,3.1,3.15,3.1,3.1,3870000
20120322,3.1,3.3,3.15,3.1,10200000
20120323,3.15,3.3,3.2,3.15,6020000
20120326,3.15,3.25,3.15,3.2,2720000
20120327,3.2,3.3,3.2,3.15,5470000
20120328,3.2,3.25,3.2,3.2,9170000
20120329,3.2,3.25,3.2,3.2,1050000
20120330,3.2,3.25,3.2,3.2,28310000
20120402,3.05,3.2,3.1,3.2,12750000
20120403,3.15,3.2,3.15,3.1,2500000
20120404,3.2,3.3,3.2,3.15,33400000
20120405,3.2,3.3,3.2,3.2,2660000
20120410,3.15,3.25,3.15,3.2,60820000
20120411,3.05,3.2,3.1,3.15,1680000
20120413,3.15,3.25,3.15,3.1,14350000
20120416,3.1,3.25,3.15,3.15,3260000
20120417,3.1,3.25,3.15,3.15,9210000
20120418,3.2,3.4,3.25,3.15,34220000
20120419,3.25,3.4,3.3,3.25,5910000
20120420,3.2,3.4,3.3,3.3,5120000
20120423,3.2,3.45,3.3,3.3,19070000
20120424,3.2,3.45,3.3,3.3,19070000
20120425,3.3,3.5,3.35,3.3,12240000
20120426,3.25,3.4,3.3,3.35,8830000
20120427,3.15,3.4,3.25,3.3,3600000
20120430,3.3,3.4,3.3,3.25,1110000
20120502,3.3,3.4,3.35,3.3,2250000
20120503,3.35,3.45,3.35,3.35,24200000
20120504,3.3,3.5,3.4,3.35,11540000
20120507,3.45,3.5,3.45,3.4,11020000
20120508,3.15,3.5,3.35,3.45,2020000
20120509,3.3,3.45,3.35,3.35,5500000
20120510,3.35,3.5,3.45,3.35,14060000
20120511,3.35,3.5,3.35,3.45,4040000
20120514,3.4,3.55,3.45,3.35,1330000
20120515,3.4,3.6,3.45,3.45,13310000
20120516,3.45,3.6,3.45,3.45,12220000
20120517,3.5,3.6,3.5,3.45,1120000
20120518,3.5,3.6,3.5,3.5,1510000
20120521,3.5,3.65,3.5,3.5,6430000
20120522,3.45,3.55,3.45,3.5,10210000
20120523,3.3,3.5,3.4,3.45,13430000
20120524,3.2,3.4,3.35,3.4,1210000
20120525,3.2,3.3,3.2,3.35,41670000
20120529,3.25,3.3,3.25,3.2,2880000
20120530,3.25,3.35,3.25,3.25,11460000
20120531,3.2,3.3,3.25,3.25,63020000
20120604,3.25,3.35,3.25,3.25,12830000
20120605,3.25,3.4,3.35,3.25,2960000
20120606,3.3,3.45,3.35,3.35,8460000
20120607,3.3,3.45,3.35,3.35,3900000
20120608,3.3,3.5,3.4,3.35,9320000
20120611,3.35,3.45,3.4,3.4,3240000
20120612,3.4,3.5,3.4,3.4,6090000
20120613,3.35,3.45,3.4,3.4,7290000
20120614,3.35,3.45,3.4,3.4,31810000
20120615,3.4,3.5,3.4,3.4,7570000
20120618,3.4,3.45,3.4,3.4,1820000
20120619,3.4,3.5,3.45,3.4,17700000
20120620,3.45,3.55,3.5,3.45,6220000
20120621,3.5,3.55,3.5,3.5,3430000
20120622,3.5,3.55,3.5,3.5,6430000
20120625,3.5,3.55,3.5,3.5,4820000
20120626,3.45,3.55,3.5,3.5,14210000
20120627,3.4,3.5,3.45,3.5,14950000
20120628,3.35,3.45,3.4,3.45,3040000
20120629,3.4,3.55,3.45,3.4,4160000
20120702,3.5,3.65,3.55,3.45,7460000
20120703,3.6,3.7,3.65,3.55,12160000
20120705,3.45,3.6,3.5,3.55,1500000
20120709,3.55,3.6,3.55,3.55,1250000
20120710,3.55,3.6,3.55,3.55,6930000
20120711,3.55,3.6,3.55,3.55,6160000
20120712,3.55,3.65,3.55,3.55,6850000
20120713,3.55,3.65,3.55,3.55,1490000
20120716,3.55,3.7,3.6,3.55,9180000
20120717,3.6,3.75,3.65,3.6,2049999
20120718,3.65,3.8,3.75,3.65,2800000
20120719,3.75,3.9,3.8,3.75,16540000
20120720,3.85,3.95,3.9,3.8,2550000
20120723,3.85,4.0,3.9,3.9,1620000
20120724,3.85,3.95,3.85,3.9,1450000
20120725,3.9,4.0,3.95,3.85,27710000
20120726,3.9,4.0,3.9,3.95,21480000
20120727,3.8,3.95,3.85,3.9,14640000
20120730,3.7,3.9,3.8,3.85,11910000
20120731,3.8,3.9,3.8,3.8,2060000
20120801,3.8,3.85,3.8,3.8,1500000
20120802,3.8,3.95,3.85,3.8,5910000
20120803,3.9,3.95,3.9,3.85,19480000
20120806,3.8,3.95,3.85,3.9,1270000
20120807,3.85,3.95,3.85,3.85,3610000
20120808,3.8,3.9,3.8,3.85,2410000
20120809,3.8,3.95,3.9,3.8,36750000
20120810,3.7,3.9,3.8,3.9,10920000
20120813,3.7,3.9,3.75,3.8,1030000
20120815,3.7,3.85,3.75,3.75,1300000
20120817,3.75,3.9,3.75,3.75,1260000
20120820,3.75,3.9,3.75,3.75,1260000
20120822,3.75,3.95,3.85,3.75,2930000
20120823,3.9,3.95,3.9,3.85,2490000
20120827,3.85,3.95,3.9,3.9,1000000
20120828,3.7,3.95,3.85,3.9,8100000
20120831,3.75,3.9,3.8,3.8,4500000
20120904,3.85,4.0,3.9,3.85,12050000
20120905,3.95,4.1,3.95,3.9,3400000
20120906,3.95,4.05,3.95,3.95,1650000
20120907,4.0,4.05,4.0,3.95,1110000
20120910,4.0,4.2,4.05,4.0,2049999
20120911,4.15,4.3,4.25,4.05,13650000
20120912,4.2,4.3,4.25,4.25,28040000
20120913,4.0,4.25,4.15,4.25,30440000
20120914,3.65,4.1,3.95,4.15,5600000
20120917,4.0,4.1,4.0,3.95,8500000
20120918,4.0,4.05,4.0,4.0,10470000
20120919,4.0,4.1,4.0,4.0,5750000
20120920,4.0,4.05,4.0,4.0,3760000
20120921,4.0,4.05,4.0,4.0,1080000
20120924,4.0,4.05,4.0,4.0,1220000
20120925,4.0,4.05,4.0,4.0,11890000
20120926,4.0,4.05,4.0,4.0,5830000
20120927,4.0,4.1,4.0,4.0,7480000
20120928,4.05,4.1,4.05,4.0,9570000
20121001,4.05,4.1,4.05,4.05,3050000
20121002,4.05,4.15,4.05,4.05,10390000
20121003,3.9,4.1,4.05,4.05,9190000
20121004,4.0,4.05,4.0,4.05,1650000
20121005,4.0,4.1,4.0,4.0,7620000
20121009,4.0,4.1,4.0,4.0,2680000
20121010,4.05,4.15,4.05,4.0,11680000
20121011,4.05,4.15,4.05,4.05,7940000
20121012,4.05,4.15,4.05,4.05,1780000
20121015,4.1,4.15,4.1,4.05,1300000
20121016,4.1,4.15,4.1,4.1,3000000
20121017,4.1,4.15,4.1,4.1,4690000
20121018,4.1,4.2,4.15,4.1,8490000
20121022,4.2,4.5,4.25,4.2,1890000
20121024,4.25,4.4,4.25,4.25,1870000
20121025,4.3,4.45,4.35,4.25,4330000
20121026,4.4,4.5,4.4,4.35,1440000
20121030,4.4,4.45,4.4,4.4,9070000
20121031,4.4,4.45,4.4,4.4,1500000
20121101,4.25,4.4,4.35,4.4,14610000
20121102,4.25,4.4,4.3,4.35,2910000
20121105,4.25,4.4,4.35,4.3,1530000
20121106,4.25,4.45,4.35,4.35,1410000
20121107,4.35,4.45,4.4,4.35,39140000
20121108,4.45,4.55,4.45,4.4,2490000
20121109,4.55,4.95,4.8,4.45,7980000
20121112,4.8,4.85,4.8,4.8,21650000
20121113,4.55,4.8,4.65,4.8,7260000
20121114,4.5,4.65,4.55,4.65,12290000
20121115,4.5,4.75,4.6,4.55,18080000
20121116,4.65,4.8,4.65,4.6,31150000
20121119,4.55,4.7,4.6,4.65,27030000
20121120,4.6,4.85,4.75,4.6,33650000
20121121,4.75,5.0,4.85,4.75,14330000
20121122,4.7,5.05,4.95,4.85,13200000
20121123,4.85,5.05,4.95,4.95,85730000
20121126,5.0,5.3,5.2,4.95,33840000
20121127,4.85,5.1,4.95,5.2,76770000
20121128,4.85,5.0,4.9,4.95,11740000
20121129,4.6,4.95,4.9,4.9,22670000
20121130,4.7,5.05,4.95,4.9,21120000
20121203,4.9,5.1,5.05,4.95,17560000
20121204,5.0,5.1,5.05,5.05,40440000
20121205,5.0,5.1,5.0,5.05,10120000
20121206,5.0,5.05,5.0,5.0,18370000
20121207,5.0,5.1,5.05,5.0,25400000
20121210,5.0,5.1,5.0,5.05,9540000
20121211,5.0,5.1,5.0,5.0,54090000
20121213,5.0,5.1,5.05,5.0,38410000
20121214,5.0,5.1,5.05,5.05,5060000
20121217,5.0,5.1,5.0,5.05,6410000
20121218,5.0,5.1,5.05,5.0,15770000
20121219,5.0,5.1,5.0,5.05,13170000
20121220,5.05,5.1,5.05,5.0,13610000
20121221,5.05,5.1,5.05,5.05,8070000
20121224,5.05,5.1,5.05,5.05,12450000
20121227,5.05,5.15,5.05,5.05,7630000
20121231,5.0,5.1,5.0,5.05,1760000
20130102,5.0,5.15,5.1,5.0,3320000
20130103,5.1,5.25,5.15,5.1,7250000
20130104,5.15,5.35,5.25,5.15,4130000
20130107,5.2,5.45,5.35,5.25,4099999
20130108,5.4,5.85,5.6,5.35,11000000
20130109,5.5,6.0,5.8,5.6,13690000
20130110,5.55,5.8,5.6,5.8,6690000
20130111,5.6,5.7,5.6,5.6,4440000
20130114,5.6,5.7,5.6,5.6,10960000
20130115,5.55,5.8,5.65,5.6,11690000
20130116,5.65,5.85,5.75,5.65,9130000
20130117,5.7,5.8,5.75,5.75,15910000
20130118,5.75,5.8,5.75,5.75,13300000
20130121,5.5,5.8,5.75,5.75,44020000
20130122,5.55,5.75,5.65,5.75,11700000
20130123,5.5,5.75,5.6,5.65,15440000
20130124,5.5,5.7,5.6,5.6,10710000
20130125,5.35,5.65,5.55,5.6,8850000
20130128,5.25,5.6,5.4,5.55,25310000
20130129,5.2,5.4,5.3,5.4,10540000
20130130,5.25,5.5,5.3,5.3,18410000
20130131,5.3,5.5,5.45,5.3,3670000
20130201,5.4,5.55,5.5,5.45,110830000
20130204,5.35,5.55,5.45,5.5,2870000
20130205,5.35,5.6,5.4,5.45,28080000
20130206,5.4,5.5,5.4,5.4,3450000
20130207,5.4,5.5,5.4,5.4,36270000
20130208,5.5,5.6,5.55,5.4,18080000
20130211,5.55,5.7,5.65,5.55,9360000
20130212,5.65,5.75,5.65,5.65,25570000
20130213,5.55,5.75,5.7,5.65,20900000
20130214,5.55,5.65,5.6,5.7,4860000
20130215,5.55,5.65,5.55,5.6,1750000
20130218,5.55,5.75,5.55,5.55,14740000
20130219,5.6,5.7,5.65,5.55,7960000
20130220,5.65,5.8,5.7,5.65,62300000
20130221,5.65,5.75,5.7,5.7,15090000
20130222,5.65,5.75,5.65,5.7,8580000
20130225,5.65,5.7,5.65,5.65,1230000
20130226,5.65,5.75,5.65,5.65,3610000
20130227,5.7,5.8,5.7,5.65,8029999
20130228,5.75,5.8,5.75,5.7,4400000
20130301,5.75,5.9,5.8,5.75,6740000
20130304,5.75,5.9,5.8,5.75,6740000
20130305,5.85,6.0,5.95,5.8,13260000
20130306,5.9,6.0,5.9,5.95,24040000
20130307,5.8,6.0,5.95,5.9,23030000
20130308,5.9,6.1,5.95,5.95,2750000
20130311,6.0,6.5,6.15,5.95,10040000
20130312,6.15,6.35,6.25,6.15,24590000
20130313,6.25,6.35,6.25,6.25,11530000
20130314,6.25,6.4,6.3,6.25,28090000
20130315,5.9,6.35,6.1,6.3,3010000
20130318,5.8,6.1,5.95,6.1,18570000
20130319,5.9,6.0,5.95,5.95,6550000
20130320,5.85,6.0,5.95,5.95,10670000
20130321,5.8,6.0,5.8,5.95,2950000
20130322,5.8,5.9,5.8,5.8,3060000
20130325,5.75,5.95,5.8,5.8,17120000
20130326,5.6,5.85,5.8,5.8,1710000
20130327,5.8,6.0,5.95,5.8,9060000
20130328,5.95,6.2,6.0,5.95,6930000
20130402,6.0,6.5,6.0,6.0,54840000
20130403,6.05,6.25,6.15,6.0,2480000
20130404,6.15,6.4,6.25,6.15,11260000
20130405,6.25,6.4,6.3,6.25,8920000
20130408,6.3,6.4,6.35,6.3,2150000
20130409,6.3,6.4,6.35,6.3,2150000
20130410,6.35,6.6,6.4,6.35,30860000
20130411,6.5,6.6,6.5,6.4,9590000
20130412,6.3,6.55,6.5,6.5,11990000
20130415,6.35,6.5,6.4,6.5,5660000
20130416,6.3,6.5,6.4,6.4,13530000
20130417,6.45,6.6,6.45,6.4,35560000
20130418,6.55,6.65,6.55,6.45,34860000
20130419,6.55,6.65,6.6,6.55,16000000
20130422,6.55,6.65,6.6,6.6,15180000
20130423,6.6,6.7,6.6,6.6,13180000
20130424,6.6,6.7,6.6,6.6,14370000
20130425,6.6,6.7,6.6,6.6,6620000
20130426,6.6,6.7,6.65,6.6,8189999
20130429,6.65,6.75,6.7,6.65,4580000
20130430,6.7,6.95,6.8,6.7,11280000
20130502,6.85,7.1,7.0,6.8,22630000
20130503,7.0,7.2,7.05,7.0,30740000
20130506,7.05,7.15,7.05,7.05,32799999
20130507,7.1,7.2,7.1,7.05,21730000
20130508,7.15,7.4,7.2,7.1,30000000
20130509,7.1,7.25,7.15,7.2,30260000
20130510,6.8,7.15,6.95,7.15,2130000
20130513,6.8,7.0,6.9,6.95,4880000
20130514,6.95,7.2,7.1,6.9,10310000
20130515,7.15,7.55,7.35,7.1,60050000
20130516,7.2,7.3,7.25,7.35,8850000
20130517,7.1,7.25,7.15,7.25,6270000
20130520,7.0,7.15,7.0,7.15,1830000
20130521,7.0,7.2,7.05,7.0,14330000
20130522,7.05,7.2,7.1,7.05,23900000
20130523,7.0,7.1,7.05,7.1,10230000
20130524,6.9,7.1,7.0,7.05,5190000
20130527,6.65,7.05,6.95,7.0,4150000
20130528,7.0,7.15,7.05,6.95,5790000
20130529,7.05,7.25,7.15,7.05,9110000
20130530,7.15,7.3,7.25,7.15,17700000
20130531,7.2,7.3,7.25,7.25,33110000
20130603,7.15,7.25,7.15,7.25,34150000
20130604,7.05,7.2,7.1,7.15,70200000
20130605,7.05,7.2,7.1,7.1,72390000
20130606,7.1,7.25,7.15,7.1,8189999
20130607,7.2,7.25,7.2,7.15,4139999
20130610,7.2,7.35,7.25,7.2,5530000
20130611,7.25,7.45,7.35,7.25,16510000
20130612,7.3,7.45,7.35,7.35,7460000
20130613,7.2,7.4,7.3,7.35,26270000
20130614,6.6,7.2,7.0,7.3,12910000
20130617,6.5,7.0,6.7,7.0,24970000
20130618,6.8,7.0,6.9,6.7,2250000
20130619,6.9,7.0,6.9,6.9,58650000
20130620,6.7,6.95,6.9,6.9,55240000
20130621,6.7,6.85,6.75,6.9,19160000
20130624,6.65,6.75,6.7,6.75,2140000
20130625,6.65,6.8,6.7,6.7,16329999
20130626,6.6,6.75,6.65,6.7,3010000
20130627,6.45,6.65,6.5,6.65,28680000
20130628,6.45,6.65,6.55,6.5,3530000
20130701,6.35,6.6,6.4,6.55,8279999
20130702,6.15,6.5,6.4,6.4,26430000
20130703,6.25,6.5,6.3,6.4,23660000
20130704,6.3,6.6,6.45,6.3,7170000
20130705,6.45,6.85,6.75,6.45,14030000
20130708,6.55,6.8,6.7,6.75,33750000
20130709,6.6,6.75,6.65,6.7,7490000
20130710,6.65,6.85,6.75,6.65,20350000
20130711,6.75,7.0,6.9,6.75,1570000
20130712,6.9,7.15,7.05,6.9,37890000
20130715,7.1,7.5,7.3,7.05,13520000
20130716,7.3,7.5,7.4,7.3,7010000
20130717,7.2,7.55,7.35,7.4,38640000
20130718,7.2,7.45,7.3,7.35,15680000
20130719,7.2,7.35,7.25,7.3,4640000
20130722,7.0,7.3,7.1,7.25,6960000
20130723,7.0,7.1,7.0,7.1,21680000
20130724,7.0,7.2,7.05,7.0,5060000
20130725,7.05,7.2,7.05,7.05,12050000
20130726,7.05,7.3,7.15,7.05,1340000
20130729,7.15,7.3,7.15,7.15,10210000
20130730,7.15,7.35,7.25,7.15,12130000
20130731,7.2,7.35,7.25,7.25,13750000
20130801,7.2,7.3,7.25,7.25,8039999
20130802,7.25,7.35,7.25,7.25,9790000
20130805,7.1,7.35,7.3,7.25,11570000
20130806,7.3,7.35,7.3,7.3,1810000
20130807,7.3,7.5,7.4,7.3,4230000
20130808,7.4,8.0,7.7,7.4,13820000
20130809,7.4,8.0,7.7,7.4,13820000
20130812,7.5,8.0,7.85,7.7,9460000
20130813,7.65,7.75,7.65,7.85,3470000
20130814,7.65,7.85,7.75,7.65,21900000
20130815,7.7,8.0,7.9,7.75,16760000
20130816,7.9,8.15,8.05,7.9,23900000
20130819,8.0,8.25,8.15,8.05,22200000
20130820,8.15,8.25,8.2,8.15,9690000
20130821,8.0,8.2,8.05,8.2,11970000
20130822,7.85,8.05,7.95,8.05,5170000
20130823,7.85,7.95,7.9,7.95,3250000
20130826,7.9,8.0,7.9,7.9,17780000
20130827,7.65,7.95,7.75,7.9,9070000
20130828,7.45,7.75,7.5,7.75,28180000
20130829,7.45,7.8,7.65,7.5,113860000
20130830,7.6,7.8,7.65,7.65,14220000
20130902,7.6,7.8,7.65,7.65,1300000
20130903,7.7,7.85,7.75,7.65,2800000
20130904,7.7,7.85,7.8,7.75,12540000
20130905,7.75,7.9,7.85,7.8,4950000
20130906,7.75,7.9,7.85,7.85,36500000
20130909,7.8,8.25,8.05,7.85,11180000
20130910,8.05,8.15,8.05,8.05,7020000
20130911,8.05,8.15,8.05,8.05,15400000
20130912,8.05,8.15,8.05,8.05,14290000
20130913,7.8,8.1,8.0,8.05,13660000
20130916,8.05,8.15,8.1,8.0,13320000
20130917,8.1,8.25,8.15,8.1,21740000
20130918,8.2,8.3,8.2,8.15,7850000
20130919,8.2,8.5,8.35,8.2,6370000
20130920,8.35,8.7,8.5,8.35,16940000
20130923,8.2,8.5,8.3,8.5,9330000
20130924,8.2,8.35,8.25,8.3,31590000
20130925,8.3,8.45,8.35,8.25,29900000
20130926,8.3,8.5,8.35,8.35,8199999
20130927,8.25,8.4,8.3,8.35,7270000
20130930,8.25,8.7,8.5,8.3,7220000
20131001,8.25,8.7,8.5,8.3,7220000
20131002,8.55,8.95,8.75,8.5,14190000
20131003,8.7,9.0,8.9,8.75,16370000
20131004,8.9,8.95,8.9,8.9,15070000
20131007,8.9,9.25,9.1,8.9,28540000
20131008,9.2,9.5,9.4,9.1,28030000
20131009,9.1,9.4,9.1,9.4,25060000
20131010,8.8,9.15,9.0,9.1,39750000
20131011,8.95,9.1,9.0,9.0,62120000
20131014,9.0,9.25,9.05,9.0,26200000
20131015,9.1,9.2,9.15,9.05,25160000
20131016,9.1,9.25,9.15,9.15,15950000
20131017,9.05,9.2,9.1,9.15,4019999
20131018,9.05,9.15,9.05,9.1,21020000
20131022,8.85,9.15,8.95,9.05,3800000
20131023,8.2,9.1,9.0,8.95,45100000
20131024,8.8,9.1,9.0,9.0,36330000
20131025,8.9,9.05,9.0,9.0,10870000
20131028,8.95,9.1,9.0,9.0,2190000
20131029,8.95,9.1,9.0,9.0,2190000
20131030,9.05,9.4,9.25,9.0,18020000
20131031,9.25,9.7,9.45,9.25,15880000
20131101,9.5,9.7,9.55,9.45,3390000
20131104,9.5,9.9,9.7,9.55,15070000
20131105,9.3,9.8,9.65,9.7,16230000
20131106,9.45,10.2,9.7,9.65,42030000
20131107,9.45,9.95,9.85,9.7,23780000
20131108,9.6,9.95,9.75,9.85,13600000
20131111,9.5,9.9,9.8,9.75,7120000
20131112,9.75,9.9,9.8,9.8,9920000
20131113,9.75,10.0,9.8,9.8,5730000
20131114,9.8,9.95,9.85,9.8,16210000
20131115,9.8,9.95,9.85,9.85,8730000
20131118,9.85,10.0,9.9,9.85,6520000
20131119,9.85,10.1,9.95,9.9,8029999
20131120,9.95,10.3,10.05,9.95,6700000
20131121,10.2,10.75,10.6,10.05,22970000
20131122,10.6,10.9,10.75,10.6,33610000
20131125,10.8,11.05,10.9,10.75,13830000
20131126,10.95,11.1,11.0,10.9,53440000
20131127,10.95,11.2,11.0,11.0,9020000
20131128,10.9,11.1,11.0,11.0,9100000
20131129,10.6,10.95,10.8,11.0,2620000
20131202,10.55,11.0,10.85,10.8,2930000
20131203,10.75,11.0,10.8,10.85,9110000
20131204,10.55,10.85,10.75,10.8,12500000
20131205,10.0,10.7,10.35,10.75,24090000
20131206,10.2,10.5,10.35,10.35,16079999
20131209,10.25,10.4,10.35,10.35,12760000
20131210,10.1,10.35,10.2,10.35,23970000
20131211,9.9,10.2,10.05,10.2,26980000
20131213,9.9,10.2,10.05,10.2,26980000
20131216,9.6,10.1,10.0,10.05,15650000
20131217,9.7,10.0,9.85,10.0,22460000
20131218,9.85,10.0,9.9,9.85,15350000
20131219,9.95,10.1,10.0,9.9,16590000
20131220,10.0,10.15,10.05,10.0,8710000
20131223,10.1,10.5,10.25,10.05,2640000
20131224,10.4,11.0,10.85,10.25,2990000
20131227,10.55,10.9,10.75,10.85,7550000
20131230,10.6,11.0,10.85,10.75,11070000
20131231,10.8,10.95,10.85,10.85,2460000
20140102,10.6,10.9,10.7,10.85,3510000
20140103,10.75,10.95,10.8,10.7,2710000
20140106,10.8,11.15,11.05,10.8,9520000
20140107,11.0,11.15,11.1,11.05,5570000
20140108,11.1,11.65,11.35,11.1,6690000
20140109,11.55,11.95,11.7,11.35,24760000
20140110,11.45,11.95,11.75,11.7,33430000
20140113,11.35,11.75,11.65,11.75,19460000
20140114,11.45,11.75,11.65,11.65,5700000
20140115,11.35,11.75,11.7,11.65,8770000
20140116,11.4,11.75,11.5,11.7,9560000
20140117,11.5,11.6,11.5,11.5,1930000
20140120,11.4,11.8,11.7,11.5,7600000
20140121,11.65,12.0,11.75,11.7,11310000
20140122,11.75,12.1,12.0,11.75,10580000
20140123,11.95,12.2,12.05,12.0,9790000
20140124,12.2,12.8,12.45,12.05,16040000
20140127,12.25,12.6,12.35,12.45,43170000
20140128,12.0,12.4,12.05,12.35,10100000
20140129,11.75,12.05,11.85,12.05,14130000
20140130,11.4,11.8,11.5,11.85,16649999
20140131,10.6,11.45,11.0,11.5,12360000
20140203,11.0,11.4,11.2,11.0,15520000
20140204,11.3,11.5,11.35,11.2,6650000
20140205,11.3,11.85,11.45,11.35,2270000
20140206,11.5,12.05,11.95,11.45,28880000
20140207,11.75,12.0,11.85,11.95,8470000
20140210,11.55,11.85,11.75,11.85,12190000
20140211,11.7,11.85,11.75,11.75,14580000
20140212,11.75,11.95,11.8,11.75,5420000
20140213,11.65,11.8,11.7,11.8,15770000
20140214,11.7,12.0,11.8,11.7,2460000
20140217,11.5,11.85,11.65,11.8,9360000
20140218,11.45,11.65,11.5,11.65,6680000
20140219,11.35,11.6,11.4,11.5,10000000
20140220,11.3,11.5,11.4,11.4,15920000
20140221,11.35,11.5,11.4,11.4,11720000
20140224,11.35,11.5,11.45,11.4,9230000
20140225,11.4,11.75,11.55,11.45,10630000
20140226,11.55,11.75,11.65,11.55,6330000
20140227,11.55,11.8,11.65,11.65,5140000
20140228,11.65,11.8,11.7,11.65,19980000
20140303,11.65,11.75,11.7,11.7,2950000
20140304,11.7,11.8,11.7,11.7,5000000
20140305,11.65,11.8,11.7,11.7,16390000
20140306,11.7,11.9,11.75,11.7,27450000
20140307,11.7,11.85,11.75,11.75,11850000
20140310,11.75,11.9,11.75,11.75,7070000
20140311,11.75,11.9,11.8,11.75,5710000
20140312,11.75,12.1,11.9,11.8,3240000
20140313,12.0,12.6,12.35,11.9,12730000
20140314,12.0,12.35,12.05,12.35,2590000
20140317,12.0,12.3,12.1,12.05,6350000
20140318,12.1,12.3,12.2,12.1,11640000
20140319,12.2,12.5,12.3,12.2,3060000
20140320,12.3,12.6,12.45,12.3,27550000
20140321,12.4,12.65,12.55,12.45,28830000
20140324,12.1,12.7,12.35,12.55,8570000
20140325,12.15,12.6,12.35,12.35,3440000
20140326,12.3,12.6,12.45,12.35,15820000
20140327,12.1,12.4,12.35,12.45,3500000
20140328,12.25,12.35,12.3,12.35,15320000
20140331,12.3,12.4,12.35,12.3,12780000
20140401,12.35,12.5,12.35,12.35,2480000
20140402,12.35,12.5,12.4,12.35,3470000
20140403,12.4,12.6,12.45,12.4,15730000
20140404,12.35,12.5,12.4,12.45,2400000
20140407,12.35,12.6,12.45,12.4,18910000
20140408,12.3,12.45,12.35,12.45,13670000
20140409,12.3,12.5,12.45,12.35,4050000
20140410,12.4,13.0,12.75,12.45,7220000
20140411,12.6,13.0,12.75,12.75,123200000
20140414,12.7,13.0,12.85,12.75,22420000
20140415,12.8,13.3,13.1,12.85,12530000
20140416,13.1,13.4,13.2,13.1,11280000
20140417,13.1,13.3,13.2,13.2,3060000
20140422,13.1,13.3,13.2,13.2,11640000
20140423,12.9,13.1,13.0,13.2,14450000
20140424,13.0,13.3,13.15,13.0,8279999
20140425,13.0,13.2,13.05,13.15,28500000
20140428,13.0,13.1,13.0,13.05,4090000
20140429,13.0,13.2,13.05,13.0,3300000
20140430,13.1,13.2,13.1,13.05,69200000
20140502,13.05,13.2,13.05,13.1,6020000
20140505,12.85,13.1,13.0,13.05,13780000
20140506,12.7,13.0,12.8,13.0,28680000
20140507,12.75,13.0,12.9,12.8,17360000
20140508,12.75,13.0,12.8,12.9,27770000
20140509,12.75,13.05,12.85,12.8,36350000
20140512,12.8,13.0,12.9,12.85,4139999
20140513,12.75,13.1,12.85,12.9,11950000
20140514,12.1,12.9,12.6,12.85,12960000
20140515,12.5,12.7,12.6,12.6,21420000
20140516,12.65,13.2,12.85,12.6,57810000
20140519,12.9,13.1,13.0,12.85,3510000
20140520,12.95,13.1,13.0,13.0,12050000
20140521,13.0,13.2,13.05,13.0,55250000
20140522,12.85,13.1,13.0,13.05,6090000
20140523,12.75,13.05,12.95,13.0,2740000
20140526,12.95,13.05,13.0,12.95,2210000
20140527,12.95,13.05,12.95,13.0,17520000
20140528,12.9,13.0,12.95,12.95,23770000
20140529,12.9,13.05,12.95,12.95,29630000
20140530,12.9,13.1,12.95,12.95,16309999
20140603,12.7,12.95,12.8,12.95,44050000
20140604,12.8,12.9,12.8,12.8,19830000
20140605,12.8,12.95,12.8,12.8,31260000
20140606,12.8,12.95,12.8,12.8,1600000
20140609,12.8,12.95,12.85,12.8,16149999
20140610,12.8,12.9,12.8,12.85,19400000
20140611,12.8,13.05,12.9,12.8,11000000
20140612,12.85,13.0,12.95,12.9,15640000
20140613,12.85,13.0,12.9,12.95,4040000
20140616,12.8,12.95,12.85,12.9,1410000
20140617,12.8,12.9,12.85,12.85,14530000
20140618,12.7,12.9,12.8,12.85,44460000
20140619,12.55,12.85,12.8,12.8,8810000
20140620,12.75,12.9,12.8,12.8,16250000
20140623,12.75,12.85,12.8,12.8,8830000
20140624,12.5,12.8,12.65,12.8,19780000
20140625,12.0,12.7,12.55,12.65,17580000
20140626,12.2,12.5,12.35,12.55,24170000
20140627,12.35,12.55,12.45,12.35,22860000
20140630,12.45,12.6,12.45,12.45,6480000
20140701,12.5,13.0,12.65,12.45,17980000
20140702,12.55,13.05,12.95,12.65,17910000
20140703,12.55,12.8,12.75,12.95,1590000
20140704,12.65,12.8,12.7,12.75,1790000
20140707,12.7,12.9,12.75,12.7,24370000
20140708,12.7,12.95,12.7,12.75,67820000
20140709,12.65,12.85,12.7,12.7,6320000
20140710,12.5,12.75,12.55,12.7,10890000
20140711,12.2,12.6,12.4,12.55,2340000
20140714,12.3,12.5,12.35,12.4,11880000
20140715,12.3,12.45,12.3,12.35,8039999
20140716,12.1,12.35,12.15,12.3,12250000
20140717,12.0,12.2,12.05,12.15,24870000
20140718,12.05,12.25,12.1,12.05,15450000
20140721,11.85,12.15,12.0,12.1,26140000
20140722,11.75,12.05,11.95,12.0,19820000
20140723,12.0,12.1,12.05,11.95,9100000
20140724,12.0,12.1,12.0,12.05,4179999
20140725,12.0,12.35,12.2,12.0,24480000
20140728,11.9,12.3,12.0,12.2,4540000
20140729,11.9,12.3,12.0,12.2,4540000
20140730,11.95,12.1,12.05,12.0,10490000
20140731,12.05,12.4,12.2,12.05,5110000
20140801,12.25,12.6,12.4,12.2,6180000
20140804,12.45,12.7,12.5,12.4,4690000
20140805,12.5,13.0,12.6,12.5,22650000
20140806,12.6,13.0,12.95,12.6,11490000
20140807,12.5,12.95,12.85,12.95,16410000
20140808,12.55,12.9,12.8,12.85,5820000
20140811,12.6,12.85,12.7,12.8,3690000
20140812,12.6,12.95,12.8,12.7,4410000
20140813,12.65,12.85,12.75,12.8,2960000
20140814,12.65,12.9,12.8,12.75,7310000
20140815,12.65,12.8,12.7,12.8,1020000
20140818,12.7,12.85,12.7,12.7,26880000
20140819,12.65,12.8,12.75,12.7,9190000
20140820,12.75,12.9,12.8,12.75,7310000
20140821,12.75,12.85,12.75,12.8,20900000
20140822,12.7,12.8,12.75,12.75,30160000
20140825,12.7,12.8,12.75,12.75,2580000
20140826,12.75,12.8,12.75,12.75,1720000
20140827,12.7,12.85,12.7,12.75,30990000
20140828,12.7,12.85,12.75,12.7,1980000
20140829,12.75,13.05,12.95,12.75,13570000
20140901,12.95,13.3,13.15,12.95,2740000
20140902,13.0,13.4,13.2,13.15,8680000
20140903,13.2,13.5,13.4,13.2,12300000
20140904,13.1,13.4,13.2,13.4,6150000
20140905,13.1,13.35,13.2,13.2,1140000
20140908,13.2,13.35,13.25,13.2,3960000
20140909,13.2,13.3,13.25,13.25,10160000
20140910,13.0,13.25,13.15,13.25,13200000
20140911,12.85,13.15,12.95,13.15,10950000
20140912,12.5,13.0,12.9,12.95,12280000
20140915,12.85,13.0,12.9,12.9,16070000
20140916,12.8,12.95,12.85,12.9,15420000
20140917,12.15,12.8,12.5,12.85,30420000
20140918,12.5,12.7,12.6,12.5,6210000
20140919,12.5,12.7,12.6,12.6,30920000
20140922,12.5,12.65,12.55,12.6,28530000
20140923,12.5,12.65,12.55,12.55,9410000
20140924,12.5,12.65,12.55,12.55,9580000
20140925,12.55,12.65,12.6,12.55,5590000
20140926,12.6,12.75,12.65,12.6,12570000
20140929,12.65,13.05,12.85,12.65,7490000
20140930,12.75,13.0,12.9,12.85,11740000
20141001,12.8,13.0,12.95,12.9,4430000
20141002,12.75,12.95,12.75,12.95,5930000
20141003,12.0,12.85,12.7,12.75,4370000
20141007,12.6,12.9,12.75,12.65,3250000
20141008,12.7,13.0,12.85,12.75,2550000
20141009,12.75,12.95,12.85,12.85,6910000
20141010,12.75,12.85,12.75,12.85,6560000
20141013,12.7,12.8,12.7,12.75,12040000
20141014,12.65,12.75,12.65,12.7,6840000
20141015,12.5,12.8,12.5,12.65,1780000
20141016,12.5,12.6,12.5,12.5,5600000
20141017,12.0,12.5,12.15,12.5,3330000
20141021,11.85,12.5,12.15,12.15,13730000
20141022,12.3,12.55,12.45,12.15,5350000
20141023,12.5,12.6,12.5,12.45,10690000
20141024,12.05,12.5,12.25,12.5,2790000
20141027,12.15,12.5,12.2,12.25,4550000
20141028,12.05,12.2,12.1,12.2,11880000
20141029,12.1,12.3,12.15,12.1,8940000
20141030,12.1,12.25,12.15,12.15,6570000
20141031,12.1,12.3,12.15,12.15,6240000
20141103,12.15,12.3,12.2,12.15,7190000
20141104,12.15,12.25,12.2,12.2,4150000
20141105,12.2,13.0,12.7,12.2,14620000
20141106,12.2,13.0,12.8,12.7,25780000
20141107,12.7,13.1,12.95,12.8,17540000
20141110,12.45,13.05,12.95,12.95,9210000
20141111,12.75,13.05,13.0,12.95,3310000
20141112,12.8,13.55,13.35,13.0,24900000
20141113,13.0,13.75,13.55,13.35,6790000
20141114,13.3,13.85,13.7,13.55,6000000
20141117,13.5,13.85,13.7,13.7,1220000
20141118,13.6,13.85,13.75,13.7,4210000
20141119,13.55,13.85,13.7,13.75,14860000
20141120,13.55,13.7,13.6,13.7,110580000
20141121,13.5,13.65,13.55,13.6,12540000
20141124,13.0,13.65,13.45,13.55,1390000
20141125,13.2,13.65,13.55,13.45,17660000
20141126,13.3,13.95,13.8,13.55,12090000
20141127,13.6,14.0,13.9,13.8,7150000
20141128,13.7,13.95,13.8,13.9,12070000
20141201,13.8,14.0,13.9,13.8,6080000
20141202,13.8,14.0,13.95,13.9,8610000
20141203,13.95,14.65,14.2,13.95,20750000
20141204,14.1,14.7,14.55,14.2,4820000
20141205,14.6,14.95,14.8,14.55,5340000
20141208,14.7,15.15,15.0,14.8,36780000
20141209,14.9,15.15,14.95,15.0,22230000
20141210,14.3,15.0,14.65,14.95,9360000
20141211,14.0,14.65,14.05,14.65,18900000
20141215,13.75,14.5,13.9,14.05,13570000
20141216,13.8,14.05,13.9,13.9,45890000
20141217,13.3,13.95,13.4,13.9,32759999
20141218,13.25,13.85,13.35,13.4,6320000
20141219,13.3,13.7,13.5,13.35,24440000
20141222,13.35,13.6,13.45,13.5,10430000
20141223,13.45,14.05,13.85,13.45,6460000
20141224,13.8,14.1,14.0,13.85,4560000
20141229,14.0,14.2,14.05,14.0,19250000
20141230,14.0,14.25,14.1,14.05,15520000
20141231,14.0,14.15,14.05,14.1,7610000
20150102,14.05,14.5,14.15,14.05,8650000
20150105,14.0,14.3,14.05,14.15,2560000
20150106,13.8,14.1,13.9,14.05,11810000
20150107,13.8,14.0,13.85,13.9,5020000
20150108,13.6,13.9,13.75,13.85,3750000
20150109,13.0,13.85,13.75,13.75,2160000
20150112,13.75,14.05,13.85,13.75,2370000
20150113,14.0,15.0,14.7,13.85,1350000
20150114,14.2,15.0,14.85,14.7,10800000
20150115,14.5,14.85,14.6,14.85,9220000
20150116,14.5,14.9,14.8,14.6,5720000
20150119,14.35,14.85,14.55,14.8,1590000
20150120,13.9,14.5,13.95,14.55,14470000
20150121,14.1,14.85,14.15,13.95,7500000
20150122,14.1,14.5,14.2,14.15,3670000
20150123,14.1,14.3,14.15,14.2,14170000
20150126,14.0,14.2,14.0,14.15,7050000
20150127,14.0,14.2,14.1,14.0,5270000
20150128,14.1,14.3,14.15,14.1,8610000
20150129,14.1,14.2,14.1,14.15,7360000
20150130,14.1,14.25,14.15,14.1,9100000
20150202,14.1,14.3,14.2,14.15,14710000
20150203,14.2,14.5,14.3,14.2,1890000
20150204,14.3,14.75,14.45,14.3,2270000
20150205,14.45,14.75,14.55,14.45,8380000
20150206,14.45,14.7,14.55,14.55,5470000
20150209,14.5,15.0,14.8,14.55,13760000
20150210,14.5,14.95,14.75,14.8,11690000
20150211,14.6,14.95,14.85,14.75,12590000
20150212,14.5,14.9,14.75,14.85,10560000
20150213,14.85,14.95,14.85,14.75,25000000
20150216,14.8,14.95,14.85,14.85,1320000
20150217,14.8,14.9,14.8,14.85,3230000
20150218,14.85,15.1,14.95,14.8,6540000
20150219,15.0,15.3,15.15,14.95,3820000
20150220,15.15,15.5,15.3,15.15,5610000
20150223,15.35,15.7,15.45,15.3,4370000
20150224,15.55,15.95,15.7,15.45,6850000
20150225,15.7,16.0,15.9,15.7,33860000
20150226,15.6,16.0,15.75,15.9,5680000
20150227,15.75,15.9,15.8,15.75,9110000
20150302,15.25,16.0,15.65,15.8,5210000
20150303,15.3,15.65,15.4,15.65,30440000
20150304,15.35,16.0,15.45,15.4,22040000
20150305,15.55,15.8,15.7,15.45,3840000
20150306,15.6,15.95,15.75,15.7,5830000
20150309,15.4,15.8,15.55,15.75,6600000
20150310,15.55,15.85,15.75,15.55,8940000
20150311,15.75,16.0,15.85,15.75,3250000
20150312,15.8,16.0,15.95,15.85,9550000
20150313,15.5,16.0,15.8,15.95,6920000
20150316,15.6,15.8,15.65,15.8,11980000
20150317,15.0,15.75,15.6,15.65,6760000
20150318,15.65,15.9,15.75,15.6,6760000
20150319,15.75,15.95,15.85,15.75,4480000
20150320,15.8,15.95,15.85,15.85,5860000
20150323,15.85,16.0,15.9,15.85,4800000
20150324,15.95,16.1,16.0,15.9,6650000
20150325,16.0,16.25,16.1,16.0,3170000
20150326,16.1,17.0,16.45,16.1,20190000
20150327,16.5,17.5,16.6,16.45,2840000
20150330,16.5,16.95,16.7,16.6,5050000
20150331,16.8,17.4,17.05,16.7,6060000
20150401,16.8,17.4,17.0,17.05,23450000
20150402,15.85,17.05,16.6,17.0,10230000
20150407,15.75,16.6,15.9,16.6,25350000
20150408,15.85,16.2,15.95,15.9,20210000
20150409,16.15,16.5,16.3,15.95,16649999
20150410,15.75,16.35,15.9,16.3,30230000
20150413,15.9,16.35,16.0,15.9,1190000
20150414,16.0,16.35,16.1,16.0,5470000
20150415,16.05,16.5,16.3,16.1,2170000
20150416,16.35,17.0,16.75,16.3,2940000
20150417,16.65,17.5,17.2,16.75,13010000
20150420,17.0,17.4,17.25,17.2,5350000
20150421,17.05,17.4,17.2,17.25,5580000
20150422,17.0,17.2,17.05,17.2,4110000
20150423,17.05,17.4,17.15,17.05,8080000
20150424,17.15,17.4,17.3,17.15,14060000
20150427,17.05,17.3,17.1,17.3,2990000
20150428,17.0,17.4,17.2,17.1,1660000
20150429,17.2,17.5,17.3,17.2,25200000
20150430,17.3,17.5,17.4,17.3,4950000
20150504,17.35,17.5,17.45,17.4,6840000
20150505,17.4,17.65,17.5,17.45,4540000
20150506,17.5,17.9,17.55,17.5,11930000
20150507,16.95,17.7,17.15,17.55,19810000
20150508,16.95,17.55,17.05,17.15,29260000
20150511,16.75,17.15,16.9,17.05,10930000
20150512,16.25,16.9,16.65,16.9,17860000
20150513,15.85,16.5,16.1,16.65,22160000
20150514,16.2,16.45,16.35,16.1,4220000
20150515,16.2,16.5,16.35,16.35,9940000
20150518,16.35,16.7,16.5,16.35,7840000
20150519,16.5,16.75,16.6,16.5,10560000
20150520,16.35,16.7,16.45,16.6,10060000
20150521,16.25,16.55,16.25,16.45,8670000
20150522,16.1,16.3,16.2,16.25,11530000
20150525,15.95,16.3,16.0,16.2,11040000
20150526,15.5,16.0,15.65,16.0,8630000
20150527,15.0,15.6,15.2,15.65,64510000
20150528,15.2,15.7,15.55,15.2,12820000
20150529,15.6,16.8,15.85,15.55,34340000
20150602,15.85,16.9,16.5,15.85,2440000
20150603,16.05,16.7,16.4,16.5,17790000
20150604,16.0,16.7,16.45,16.4,11520000
20150605,16.1,16.65,16.35,16.45,5050000
20150608,15.9,16.35,16.05,16.35,11190000
20150609,16.0,16.3,16.05,16.05,21380000
20150610,16.0,16.1,16.05,16.05,7370000
20150611,16.0,16.05,16.0,16.05,14350000
20150612,16.05,16.25,16.05,16.0,3420000
20150615,16.05,16.15,16.1,16.05,6980000
20150616,16.0,16.25,16.05,16.1,11030000
20150617,16.0,16.2,16.05,16.05,1960000
20150618,16.0,16.1,16.0,16.05,24400000
20150619,16.05,16.1,16.05,16.0,11690000
20150622,15.9,16.7,16.35,16.05,10920000
20150623,15.9,16.1,16.0,16.35,11200000
20150624,16.05,16.2,16.05,16.0,4050000
20150625,16.0,16.2,16.1,16.05,21430000
20150626,16.05,16.2,16.1,16.1,3700000
20150629,16.1,16.4,16.3,16.1,6020000
20150630,16.3,16.6,16.45,16.3,8440000
20150701,16.45,16.6,16.5,16.45,6560000
20150702,16.3,16.55,16.45,16.5,2690000
20150706,16.2,16.5,16.35,16.35,2590000
20150707,16.2,16.9,16.35,16.35,2089999
20150708,15.9,16.6,16.15,16.35,49670000
20150709,15.8,16.2,15.95,16.15,48130000
20150710,15.8,16.2,15.95,16.15,48130000
20150713,15.85,16.1,15.85,15.95,9200000
20150714,15.1,16.0,15.75,15.85,16840000
20150715,15.1,16.5,15.7,15.75,22820000
20150716,15.2,15.75,15.25,15.7,10440000
20150717,15.15,15.3,15.15,15.25,9700000
20150720,15.1,15.45,15.3,15.15,17720000
20150721,15.25,16.0,15.5,15.3,29230000
20150722,15.3,15.75,15.55,15.5,4170000
20150723,15.25,16.0,15.45,15.55,8500000
20150724,15.15,15.5,15.25,15.45,17570000
20150727,15.15,15.5,15.45,15.25,6620000
20150728,15.3,15.5,15.45,15.45,6490000
20150729,15.1,15.4,15.2,15.45,16520000
20150731,14.05,15.0,14.4,14.95,15650000
20150803,14.1,14.5,14.15,14.4,13960000
20150804,14.0,14.2,14.0,14.15,85740000
20150805,13.6,14.15,13.95,14.0,27590000
20150806,13.7,14.25,13.9,13.95,30580000
20150807,13.95,14.95,14.55,13.9,1640000
20150810,14.7,15.5,15.35,14.55,10160000
20150811,15.4,15.85,15.45,15.35,13170000
20150812,15.5,15.75,15.55,15.45,5490000
20150813,15.3,15.6,15.45,15.55,8369999
20150814,15.0,15.5,15.0,15.45,9340000
20150817,14.65,15.1,14.85,15.0,2040000
20150818,14.7,15.0,14.85,14.85,2790000
20150819,14.9,15.2,15.0,14.85,6870000
20150820,15.05,15.4,15.1,15.0,2300000
20150821,14.9,15.1,15.0,15.1,7970000
20150824,13.95,15.0,14.35,15.0,6960000
20150825,13.9,14.35,13.95,14.35,7870000
20150826,12.8,13.95,13.45,13.95,5550000
20150827,12.6,14.5,13.5,13.45,12520000
20150828,13.9,14.5,14.15,13.5,29190000
20150831,14.0,15.0,14.35,14.15,2230000
20150901,14.5,14.8,14.6,14.35,2910000
20150902,14.3,15.1,14.6,14.6,4430000
20150903,14.85,15.6,15.2,14.6,4530000
20150904,13.7,15.1,14.85,15.2,10770000
20150907,14.5,14.85,14.6,14.85,13380000
20150908,14.5,14.75,14.6,14.6,1120000
20150909,14.0,14.7,14.4,14.6,52580000
20150910,14.05,14.6,14.4,14.4,2290000
20150911,14.4,14.65,14.55,14.4,3530000
20150914,14.55,14.9,14.7,14.55,3160000
20150915,14.65,15.4,15.15,14.7,11230000
20150916,14.8,15.2,14.95,15.15,6040000
20150917,14.7,15.1,15.0,14.95,6120000
20150918,14.55,14.95,14.7,15.0,6630000
20150921,14.5,15.2,14.9,14.7,4900000
20150922,14.6,15.2,15.0,14.9,9090000
20150923,15.0,15.2,15.1,15.0,9030000
20150924,15.0,15.2,15.15,15.1,3430000
20150925,15.05,15.3,15.15,15.15,7070000
20150928,15.1,15.25,15.2,15.15,15050000
20150929,14.8,15.25,15.1,15.2,13610000
20150930,15.0,15.25,15.2,15.1,16379999
20151001,14.65,15.15,14.95,15.2,6460000
20151002,14.2,14.95,14.45,14.95,13960000
20151005,14.3,14.75,14.6,14.45,4230000
20151006,14.3,14.75,14.6,14.45,4230000
20151007,14.6,14.75,14.65,14.6,16020000
20151008,14.55,14.8,14.7,14.65,3110000
20151009,14.7,15.0,14.8,14.7,4560000
20151012,14.6,15.05,14.95,14.8,6520000
20151013,14.7,15.15,15.0,14.95,3950000
20151014,14.2,15.0,14.7,15.0,5940000
20151015,14.2,15.0,14.4,14.7,6010000
20151016,14.2,14.75,14.55,14.4,7000000
20151019,14.5,15.05,14.75,14.55,2029999
20151021,14.6,15.1,15.0,14.75,8540000
20151022,14.75,15.1,14.95,15.0,2049999
20151023,14.9,15.05,14.95,14.95,3190000
20151026,14.5,14.95,14.5,14.95,4250000
20151027,14.5,14.65,14.5,14.5,5260000
20151028,14.5,14.8,14.5,14.5,9800000
20151029,14.25,14.6,14.4,14.5,5930000
20151030,14.2,14.5,14.35,14.4,8010000
20151103,14.0,14.5,14.45,14.35,30950000
20151104,14.05,14.5,14.3,14.45,3820000
20151105,14.35,15.1,14.95,14.3,16309999
20151106,15.0,15.15,15.05,14.95,2390000
20151109,14.95,15.25,15.05,15.05,2940000
20151110,15.05,15.75,15.45,15.05,6500000
20151111,15.45,16.0,15.8,15.45,4490000
20151112,15.5,16.2,16.05,15.8,7800000
20151113,15.85,16.5,16.0,16.05,5330000
20151116,16.05,16.15,16.05,16.0,10730000
20151117,16.05,16.3,16.1,16.05,3060000
20151118,16.1,16.5,16.25,16.1,5620000
20151119,16.2,16.6,16.5,16.25,13860000
20151120,16.5,16.95,16.65,16.5,4059999
20151123,16.35,16.95,16.7,16.65,8600000
20151124,16.0,16.5,16.2,16.7,15360000
20151125,15.5,16.5,16.05,16.2,2980000
20151126,15.5,16.5,16.05,16.2,2980000
20151127,14.5,16.1,15.35,16.05,4640000
20151130,15.3,15.9,15.5,15.35,15520000
20151201,15.5,15.75,15.65,15.5,4230000
20151202,15.55,16.2,15.85,15.65,5410000
20151203,15.6,16.0,15.7,15.85,1640000
20151204,15.5,15.85,15.55,15.7,8470000
20151207,15.6,15.95,15.7,15.55,21240000
20151208,15.7,16.0,15.95,15.7,9250000
20151209,15.75,16.25,16.1,15.95,4130000
20151210,15.95,16.25,16.15,16.1,5400000
20151211,16.0,16.4,16.25,16.15,9030000
20151214,16.0,16.65,16.4,16.25,11070000
20151215,16.3,16.5,16.35,16.4,8490000
20151216,16.2,16.9,16.7,16.35,8300000
20151217,15.9,16.7,16.6,16.7,10870000
20151218,16.3,16.8,16.7,16.6,6650000
20151221,16.5,16.9,16.7,16.7,6630000
20151222,15.8,16.8,16.7,16.7,9040000
20151229,15.9,16.3,16.1,15.9,2960000
20160104,16.05,16.7,16.35,16.3,1640000
20160105,16.2,16.55,16.35,16.35,9800000
20160106,16.4,16.75,16.6,16.35,5170000
20160107,16.5,16.7,16.5,16.6,1550000
20160108,16.2,16.5,16.4,16.5,6270000
20160111,16.0,16.4,16.25,16.4,9230000
20160112,15.9,16.1,16.0,16.25,6670000
20160113,15.85,16.2,16.1,16.0,1530000
20160114,16.0,16.15,16.05,16.1,5250000
20160115,16.0,16.15,16.05,16.05,3320000
20160118,16.1,16.2,16.1,16.05,1240000
20160119,15.9,16.2,16.1,16.1,22760000
20160120,15.45,16.0,15.75,16.1,7620000
20160121,15.0,15.75,15.25,15.75,2930000
20160122,15.0,15.4,15.1,15.25,5480000
20160125,15.05,15.4,15.25,15.1,4810000
20160126,15.25,15.35,15.25,15.25,11480000
20160127,15.1,15.3,15.15,15.25,4890000
20160128,15.1,15.25,15.15,15.15,3590000
20160129,15.15,15.3,15.15,15.15,2960000
20160201,15.15,15.3,15.15,15.15,2960000
20160202,15.5,16.5,16.0,15.15,7260000
20160203,15.7,17.0,16.65,16.0,9290000
20160204,15.65,16.5,16.25,16.65,11750000
20160205,16.0,16.5,16.2,16.25,9180000
20160208,15.9,16.2,16.15,16.2,1790000
20160209,15.6,16.1,16.0,16.15,13410000
20160210,15.55,16.0,15.75,16.0,3230000
20160211,15.55,16.0,15.6,15.75,9010000
20160212,15.65,15.95,15.8,15.6,10360000
20160216,15.5,15.85,15.7,15.75,10660000
20160217,15.5,15.65,15.55,15.7,4390000
20160218,15.5,15.85,15.6,15.55,16440000
20160223,15.65,16.0,15.95,15.7,1550000
20160224,15.75,16.15,16.0,15.95,9880000
20160225,16.0,16.2,16.0,16.0,2720000
20160226,16.0,16.45,16.1,16.0,1510000
20160229,16.05,16.5,16.2,16.1,1830000
20160301,16.1,16.3,16.15,16.2,4320000
20160302,16.15,16.65,16.55,16.15,12240000
20160303,16.2,17.25,16.9,16.55,26790000
20160304,16.3,17.05,16.95,16.9,4950000
20160307,16.2,17.05,17.0,16.95,13540000
20160308,16.4,16.7,16.5,17.0,14870000
20160309,16.35,16.5,16.45,16.5,5780000
20160310,16.15,16.45,16.25,16.45,14680000
20160311,16.2,16.4,16.3,16.25,10030000
20160314,16.3,16.55,16.45,16.3,12460000
20160315,16.3,16.5,16.35,16.45,8400000
20160316,16.3,16.6,16.4,16.35,15040000
20160317,16.3,16.6,16.45,16.4,22240000
20160318,16.4,16.6,16.5,16.45,12990000
20160321,16.3,16.5,16.45,16.5,8250000
20160322,16.4,17.0,16.75,16.45,16110000
20160323,16.65,17.0,16.85,16.75,5340000
20160324,16.75,17.0,16.9,16.85,7880000
20160329,16.7,16.9,16.8,16.9,5460000
20160330,16.7,16.85,16.7,16.8,6560000
20160331,16.6,17.0,16.9,16.7,6770000
20160401,16.7,17.0,16.85,16.9,6050000
20160404,16.7,16.9,16.8,16.85,3350000
20160405,16.75,16.8,16.75,16.8,18100000
20160406,16.75,16.9,16.75,16.75,2610000
20160407,16.75,16.8,16.75,16.75,4110000
20160408,16.7,16.8,16.75,16.75,7680000
20160411,16.65,16.8,16.7,16.75,1690000
20160412,16.65,16.75,16.7,16.7,1590000
20160413,16.7,16.8,16.7,16.7,4070000
20160414,16.75,17.1,16.95,16.7,3630000
20160415,16.8,17.3,17.1,16.95,10770000
20160418,17.1,17.3,17.15,17.1,12910000
20160419,17.2,17.35,17.3,17.15,21150000
20160420,17.25,17.85,17.45,17.3,5160000
20160421,17.25,17.85,17.4,17.45,8760000
20160422,16.9,17.4,17.1,17.4,12300000
20160425,16.85,17.0,16.95,17.1,1060000
20160426,16.85,17.0,16.9,16.95,10650000
20160427,16.85,17.1,16.95,16.9,8109999
20160428,16.9,17.15,17.1,16.95,9970000
20160429,17.0,17.15,17.1,17.1,6730000
20160503,16.9,17.1,16.95,17.1,2310000
20160504,16.8,17.0,16.9,16.95,8720000
20160505,16.8,17.0,16.9,16.9,11780000
20160506,16.75,17.1,16.9,16.9,1400000
20160509,16.6,16.95,16.9,16.9,7530000
20160510,16.9,17.0,16.95,16.9,2340000
20160511,17.0,17.2,17.1,16.95,4500000
20160512,17.1,17.45,17.25,17.1,1180000
20160516,17.3,17.4,17.35,17.3,3340000
20160517,17.0,17.35,17.15,17.35,4510000
20160518,17.05,17.3,17.15,17.15,1540000
20160519,17.25,17.4,17.3,17.15,6970000
20160520,17.15,17.4,17.35,17.3,5030000
20160523,17.1,17.3,17.2,17.35,2240000
20160524,17.1,17.45,17.3,17.2,6280000
20160525,17.15,17.45,17.25,17.3,6920000
20160526,17.0,17.3,17.2,17.25,3480000
20160527,17.05,17.25,17.1,17.2,3920000
20160530,17.05,17.2,17.05,17.1,2570000
20160531,16.9,17.1,17.0,17.05,5750000
20160602,16.9,17.1,17.0,17.0,10130000
20160603,16.9,17.0,16.95,17.0,4230000
20160606,16.9,17.25,17.15,16.95,11410000
20160607,17.2,17.6,17.45,17.15,9490000
20160608,17.3,18.05,17.9,17.45,17670000
20160609,17.9,18.4,18.25,17.9,21020000
20160610,18.1,18.35,18.25,18.25,6690000
20160613,18.0,18.3,18.15,18.25,2140000
20160614,18.0,18.25,18.1,18.15,2089999
20160615,18.05,18.35,18.3,18.1,9440000
20160616,18.2,19.0,18.6,18.3,32590000
20160617,18.1,18.8,18.7,18.6,10900000
20160620,18.3,18.9,18.7,18.7,20040000
20160621,18.3,18.75,18.4,18.7,8109999
20160622,17.65,18.35,18.0,18.4,9020000
20160623,17.6,18.4,17.9,18.0,22610000
20160624,17.25,17.85,17.45,17.9,2590000
20160627,17.15,17.85,17.3,17.45,4860000
20160628,17.0,17.45,17.1,17.3,9090000
20160629,16.9,17.7,17.1,17.1,6830000
20160630,17.5,18.0,17.75,17.1,20740000
20160701,17.5,17.6,17.55,17.75,20360000
20160704,17.25,17.55,17.45,17.55,6500000
20160705,17.3,17.5,17.3,17.45,4190000
20160706,17.15,17.6,17.55,17.3,9340000
20160707,17.15,17.6,17.55,17.3,9340000
20160708,17.35,17.75,17.55,17.55,8550000
20160711,17.3,17.75,17.45,17.55,14810000
20160712,17.05,17.5,17.25,17.45,7790000
20160713,17.2,17.4,17.3,17.25,2750000
20160714,17.35,17.5,17.35,17.3,13520000
20160715,17.3,17.4,17.3,17.35,9030000
20160718,17.1,17.35,17.25,17.3,1650000
20160719,17.25,17.95,17.65,17.25,31500000
20160720,17.6,18.3,18.0,17.65,24870000
20160721,18.0,18.2,18.1,18.0,21420000
20160722,18.0,18.1,18.0,18.1,4730000
20160725,18.0,18.3,18.1,18.0,8330000
20160726,18.4,19.2,18.85,18.1,19380000
20160727,18.55,19.0,18.85,18.85,4920000
20160728,18.8,19.05,18.9,18.85,8620000
20160729,18.9,19.2,19.05,18.9,2840000
20160801,19.0,19.55,19.4,19.05,17380000
20160802,19.5,21.0,20.0,19.4,19790000
20160803,20.25,20.75,20.25,20.0,13090000
20160804,19.4,20.25,19.65,20.25,3090000
20160805,19.5,20.0,19.8,19.65,11540000
20160808,19.55,19.8,19.7,19.8,9870000
20160809,19.65,20.0,19.75,19.7,5320000
20160810,19.8,20.0,19.85,19.75,4460000
20160811,19.75,20.0,19.9,19.85,3250000
20160812,19.9,20.25,20.0,19.9,1460000
20160815,20.0,20.5,20.25,20.0,1390000
20160816,20.25,21.5,21.0,20.25,6350000
20160817,21.0,21.75,21.25,21.0,8690000
20160818,21.0,21.5,21.25,21.25,19520000
20160819,20.5,21.5,21.0,21.25,41410000
20160822,20.5,21.25,20.75,21.0,2270000
20160823,20.75,21.5,21.25,20.75,2810000
20160824,21.0,21.75,21.25,21.25,22570000
20160825,19.15,21.5,20.0,21.25,26240000
20160826,19.5,19.85,19.65,20.0,9080000
20160829,19.75,20.25,19.95,19.65,46320000
20160830,19.8,20.25,19.95,19.95,12410000
20160831,20.0,20.5,20.0,19.95,12200000
20160901,19.9,20.5,20.0,20.0,58730000
20160902,19.85,20.25,19.95,20.0,5900000
20160905,18.0,19.0,18.4,19.95,5360000
20160906,18.5,19.0,18.8,18.4,4870000
20160907,18.8,19.1,19.0,18.8,57670000
20160908,18.9,19.05,19.0,19.0,6430000
20160909,18.95,19.5,19.0,19.0,3640000
20160912,18.95,19.5,19.0,19.0,3640000
20160913,18.65,19.3,18.95,19.0,8090000
20160914,18.7,19.0,18.9,18.95,6340000
20160915,18.75,19.0,18.9,18.9,1710000
20160916,18.75,19.0,18.9,18.9,2720000
20160919,18.9,19.2,19.0,18.9,2170000
20160920,19.05,19.3,19.15,19.0,5390000
20160921,19.0,19.4,19.3,19.15,10810000
20160922,19.0,19.5,19.4,19.3,106200000
20160923,19.2,19.55,19.4,19.4,1500000
20160926,19.2,19.7,19.5,19.4,1120000
20160927,19.55,19.8,19.65,19.5,53640000
20160928,19.2,20.0,19.95,19.65,7410000
20160930,19.7,20.0,19.95,19.85,16350000
20161003,19.7,20.5,20.0,19.95,7980000
20161004,20.0,20.25,20.0,20.0,8620000
20161005,19.95,20.25,20.0,20.0,4780000
20161006,19.9,20.25,19.95,20.0,3650000
20161007,19.95,20.5,20.0,19.95,3910000
20161010,20.0,20.5,20.25,20.0,37950000
20161011,19.95,20.75,20.0,20.25,9580000
20161012,19.5,20.0,19.9,20.0,3600000
20161013,19.75,20.25,19.9,19.9,6400000
20161017,19.8,20.0,19.85,19.95,3700000
20161019,19.55,19.8,19.7,19.75,1850000
20161021,19.65,19.85,19.7,19.7,17660000
20161024,19.7,20.25,20.0,19.7,4940000
20161025,19.8,20.25,20.0,20.0,1570000
20161026,19.95,20.25,19.95,20.0,8900000
20161027,19.9,20.0,19.95,19.95,6140000
20161031,19.75,19.95,19.8,19.9,4520000
20161101,19.75,21.25,20.25,19.8,4059999
20161102,20.0,21.0,20.75,20.25,4070000
20161103,20.0,21.0,20.75,20.25,4070000
20161104,20.75,21.75,21.25,20.75,18370000
20161107,21.0,21.5,21.0,21.25,5740000
20161108,20.5,21.0,20.75,21.0,16020000
20161109,19.65,20.75,20.25,20.75,7080000
20161110,20.25,21.0,20.75,20.25,3930000
20161111,20.5,21.0,20.75,20.75,8730000
20161114,20.25,21.0,20.25,20.75,3330000
20161115,20.0,20.75,20.25,20.25,3410000
20161116,20.0,21.0,20.5,20.25,4930000
20161117,20.25,21.5,20.5,20.5,8050000
20161118,20.0,20.75,20.0,20.5,2020000
20161121,19.9,20.25,19.95,20.0,10280000
20161122,19.95,20.25,19.95,19.95,12830000
20161123,19.95,20.25,20.0,19.95,12870000
20161124,19.9,20.25,19.95,20.0,17760000
20161128,19.7,19.95,19.85,19.9,6250000
20161129,19.7,19.95,19.8,19.85,14560000
20161130,19.85,20.0,19.9,19.8,24810000
20161201,19.9,20.25,19.95,19.9,7030000
20161202,19.9,20.25,19.95,19.95,9740000
20161205,19.85,20.0,19.9,19.95,4019999
20161206,19.75,19.95,19.8,19.9,5770000
20161207,19.65,19.85,19.7,19.8,3500000
20161208,18.95,19.7,19.35,19.7,6490000
20161209,18.9,20.0,19.0,19.35,2610000
20161213,18.8,19.0,18.9,19.0,7990000
20161214,18.5,19.5,18.9,18.9,3560000
20161215,18.65,19.0,18.75,18.9,2000000
20161216,18.6,18.9,18.75,18.75,11320000
20161219,18.6,19.3,19.0,18.75,7670000
20161220,18.8,19.2,19.0,19.0,21730000
20161221,18.9,19.15,19.0,19.0,6270000
20161222,19.0,19.5,19.45,19.0,5920000
20161223,19.1,19.6,19.5,19.45,3740000
20161227,19.1,19.6,19.5,19.45,3740000
20161228,19.1,19.7,19.25,19.5,6530000
20161229,19.0,19.5,19.05,19.25,6070000
20161230,19.0,19.2,19.1,19.05,6060000
20170103,18.9,19.2,19.0,19.1,10110000
20170104,18.9,19.05,18.95,19.0,2620000
20170105,18.6,19.0,18.8,18.95,12900000
20170106,18.5,19.0,18.6,18.8,28020000
20170109,18.45,18.8,18.5,18.6,18450000
20170110,17.8,18.6,18.2,18.5,14400000
20170111,17.95,18.5,18.0,18.2,16379999
20170112,17.85,18.0,17.95,18.0,12900000
20170113,17.85,18.0,17.95,17.95,21490000
20170116,17.85,18.0,17.95,17.95,3720000
20170117,17.9,18.0,17.95,17.95,5470000
20170118,17.85,18.3,18.05,17.95,29110000
20170119,18.1,18.3,18.15,18.05,17570000
20170120,18.1,18.3,18.15,18.15,10780000
20170124,18.15,19.0,18.2,18.2,12380000
20170125,18.15,18.25,18.2,18.2,3380000
20170126,18.15,18.35,18.25,18.2,6200000
20170127,18.2,18.5,18.35,18.25,9780000
20170131,18.3,18.6,18.5,18.35,5450000
20170201,18.4,18.7,18.55,18.5,60480000
20170202,18.55,19.0,18.55,18.55,3950000
20170203,18.55,19.0,18.65,18.55,13730000
20170206,18.65,19.2,18.9,18.65,24380000
20170207,18.3,19.0,18.65,18.9,9840000
20170208,18.1,18.7,18.4,18.65,17110000
20170209,18.05,18.55,18.45,18.4,25990000
20170210,18.35,18.55,18.45,18.45,11790000
20170213,18.3,18.5,18.35,18.45,4310000
20170214,18.15,18.5,18.3,18.35,9680000
20170215,18.15,18.3,18.2,18.3,45460000
20170216,18.0,18.4,18.2,18.2,4700000
20170217,18.0,18.25,18.05,18.2,13190000
20170220,17.9,18.1,18.0,18.05,9690000
20170221,17.95,18.05,18.0,18.0,9930000
20170222,17.95,18.5,18.0,18.0,31340000
20170223,17.95,18.4,18.0,18.0,6850000
20170224,17.95,18.15,18.05,18.0,31610000
20170227,17.7,18.5,17.85,18.05,2060000
20170228,17.7,18.0,17.75,17.85,2370000
20170301,16.55,17.75,17.05,17.75,3080000
20170302,16.85,17.75,17.0,17.05,20900000
20170303,16.8,17.05,16.9,17.0,1540000
20170306,16.75,17.0,16.8,16.9,1810000
20170307,16.5,16.85,16.6,16.8,5250000
20170308,15.95,16.75,16.2,16.6,13940000
20170309,15.9,16.65,16.0,16.2,44080000
20170310,16.3,17.6,16.9,16.0,16120000
20170313,17.0,18.0,17.35,16.9,50600000
20170314,17.5,18.9,18.25,17.35,38120000
20170315,17.5,18.25,17.85,18.25,7040000
20170316,17.5,19.0,17.55,17.85,9620000
20170317,17.6,18.05,17.9,17.55,6640000
20170320,17.75,18.1,17.95,17.9,12690000
20170322,18.0,18.35,18.1,18.1,11700000
20170323,18.15,18.6,18.35,18.1,9230000
20170324,18.35,18.7,18.45,18.35,18870000
20170327,18.45,18.95,18.7,18.45,13250000
20170328,18.3,19.05,18.6,18.7,14750000
20170329,17.75,18.4,18.05,18.6,13300000
20170331,17.8,18.3,18.0,17.95,5420000
20170403,18.0,19.0,18.45,18.0,11260000
20170404,18.0,19.0,18.3,18.45,26220000
20170405,18.3,19.0,18.3,18.3,9470000
20170407,18.4,19.75,18.65,18.6,4880000
20170410,18.65,19.75,19.15,18.65,2009999
20170411,19.15,19.8,19.25,19.15,5620000
20170412,19.25,19.65,19.45,19.25,5070000
20170413,19.5,19.75,19.6,19.45,76380000
20170418,19.0,19.7,19.15,19.6,1820000
20170419,19.05,19.3,19.15,19.15,12730000
20170420,19.0,19.25,19.15,19.15,8640000
20170421,19.1,19.2,19.1,19.15,4400000
20170424,19.05,19.2,19.1,19.1,2820000
20170425,18.7,19.15,18.95,19.1,12880000
20170426,18.85,19.0,18.95,18.95,6200000
20170427,18.95,19.1,19.0,18.95,16120000
20170428,19.0,19.6,19.25,19.0,1570000
20170502,19.2,19.8,19.5,19.25,7230000
20170503,19.5,19.8,19.6,19.5,15120000
20170504,19.5,19.8,19.6,19.5,15120000
20170505,19.7,20.0,19.75,19.6,11860000
20170508,19.8,20.75,20.5,19.75,22920000
20170509,19.9,20.75,20.25,20.5,10200000
20170510,19.85,22.0,20.0,20.25,2240000
20170511,19.85,20.75,20.5,20.0,18460000
20170512,20.25,20.75,20.25,20.5,6880000
20170515,20.25,20.5,20.25,20.25,2140000
20170516,20.25,20.5,20.25,20.25,41900000
20170517,20.0,20.5,20.0,20.25,11880000
20170518,19.95,21.0,20.25,20.0,20130000
20170519,20.0,20.75,20.25,20.25,28730000
20170522,20.25,20.75,20.25,20.25,23770000
20170523,20.25,20.75,20.5,20.25,27500000
20170524,20.75,21.75,21.0,20.5,8840000
20170525,21.25,21.75,21.5,21.0,22320000
20170526,21.5,22.0,21.75,21.5,5860000
20170529,21.25,21.75,21.5,21.75,3670000
20170530,21.0,21.75,21.0,21.5,10110000
20170531,21.5,23.0,22.25,21.0,37100000
20170602,22.0,23.25,22.5,22.25,29190000
20170605,21.5,22.75,22.25,22.5,4780000
20170606,22.0,23.5,22.0,22.25,8920000
20170607,22.0,22.5,22.25,22.0,15210000
20170608,22.0,22.5,22.25,22.25,2860000
20170609,22.0,22.5,22.25,22.25,2860000
20170612,22.0,22.5,22.25,22.25,2860000
20170613,22.0,22.5,22.25,22.25,2860000
20170614,23.0,23.75,23.0,22.25,29190000
20170615,23.25,23.5,23.25,23.0,16059999
20170616,23.25,24.0,23.5,23.25,53210000
20170619,23.0,23.75,23.0,23.5,3430000
20170620,22.5,23.25,22.75,23.0,16450000
20170621,22.5,23.5,22.75,22.75,10870000
20170622,22.75,23.5,23.25,22.75,5720000
20170623,23.0,23.5,23.0,23.25,19260000
20170626,23.0,23.5,23.0,23.25,19260000
20170627,23.0,23.5,23.0,23.25,19260000
20170628,23.0,23.5,23.0,23.0,3290000
20170629,23.0,23.75,23.0,23.0,9290000
20170630,22.0,23.25,22.75,23.0,9960000
20170703,22.5,23.25,22.75,22.75,8140000
20170704,22.5,23.25,23.0,22.75,6860000
20170705,22.5,23.25,23.0,22.75,6860000
20170706,22.0,23.25,22.75,23.0,13740000
20170707,23.0,23.25,23.0,22.75,25270000
20170710,23.0,23.25,23.0,23.0,2470000
20170711,23.0,23.5,23.0,23.0,23200000
20170712,22.75,23.25,23.0,23.0,17210000
20170713,22.75,23.25,23.0,23.0,22780000
20170714,22.75,23.25,23.0,23.0,1590000
20170717,23.0,23.25,23.0,23.0,19310000
20170718,22.5,23.25,22.75,23.0,16760000
20170719,23.0,23.25,23.0,22.75,13120000
20170720,23.0,23.25,23.0,23.0,2220000
20170721,23.0,23.5,23.25,23.0,2760000
20170724,23.25,23.75,23.25,23.25,2900000
20170725,23.25,24.0,23.5,23.25,18100000
20170726,23.25,24.0,23.5,23.25,18100000
20170727,23.5,24.75,23.75,23.5,6780000
20170728,23.75,25.0,24.5,23.75,7360000
20170731,23.75,25.0,24.5,24.5,13020000
20170801,23.75,25.0,24.5,24.5,13020000
20170802,23.75,24.25,24.0,24.5,12760000
20170803,23.75,24.5,23.75,24.0,12060000
20170804,23.0,24.25,23.5,23.75,10620000
20170807,23.5,24.0,23.5,23.5,1510000
20170808,23.5,24.0,23.5,23.5,1510000
20170809,23.75,24.25,23.75,23.5,2210000
20170811,23.75,25.5,24.5,24.25,18960000
20170814,24.75,25.5,25.0,24.5,6750000
20170815,24.0,25.5,24.75,25.0,11610000
20170816,24.25,25.0,24.25,24.75,14320000
20170817,24.0,24.75,24.25,24.25,1530000
20170818,24.0,24.75,24.25,24.25,4360000
20170821,24.25,25.0,24.75,24.25,1490000
20170822,24.75,25.0,24.75,24.75,2930000
20170823,24.75,25.5,25.0,24.75,10430000
20170824,25.0,25.75,25.25,25.0,8730000
20170825,25.5,27.0,26.5,25.25,14320000
20170828,26.5,27.0,26.75,26.5,4600000
20170829,26.25,27.25,26.75,26.75,13510000
20170830,25.5,26.75,26.25,26.75,9830000
20170831,25.25,26.5,25.5,26.25,10260000
20170901,23.0,25.75,24.25,25.5,44520000
20170904,24.0,25.75,24.0,24.25,53940000
20170905,24.25,25.0,24.75,24.0,1910000
20170906,24.5,25.5,24.75,24.75,36150000
20170907,25.0,26.0,25.25,24.75,6670000
20170908,25.5,26.25,25.75,25.25,1790000
20170911,25.75,26.5,26.0,25.75,19990000
20170912,25.75,27.0,26.0,26.0,14710000
20170913,25.0,26.0,25.25,26.0,10460000
20170914,25.25,25.5,25.25,25.25,7320000
20170915,25.0,25.5,25.25,25.25,8740000
20170918,24.0,25.0,24.25,25.25,3670000
20170919,24.75,25.5,25.0,24.25,12370000
20170920,25.0,25.5,25.25,25.0,7300000
20170921,25.25,26.5,25.75,25.25,3770000
20170922,25.5,26.0,25.75,25.75,2610000
20170925,25.75,26.0,25.75,25.75,6960000
20170926,25.75,26.25,26.0,25.75,15580000
20170927,25.75,26.0,25.75,26.0,6920000
20170928,24.75,26.0,25.25,25.75,4730000
20170929,24.5,25.0,24.75,25.25,12330000
20171002,24.5,25.0,24.5,24.75,6220000
20171003,24.5,25.0,24.5,24.75,6220000
20171004,24.75,25.25,25.0,24.5,1560000
20171005,24.75,25.0,24.75,25.0,3050000
20171006,24.5,25.0,24.75,24.75,5070000
20171009,24.75,25.25,25.0,24.75,9480000
20171010,24.75,25.5,25.0,25.0,1180000
20171011,24.75,25.25,25.0,25.0,10730000
20171012,24.75,25.25,24.75,25.0,6130000
20171013,24.75,25.25,24.75,24.75,11960000
20171017,24.25,25.0,24.5,24.75,17130000
20171018,24.0,24.5,24.25,24.5,13280000
20171019,24.0,24.5,24.0,24.25,2990000
20171023,23.75,25.0,24.25,24.0,23410000
20171024,24.25,25.25,24.75,24.25,1340000
20171025,24.25,25.25,24.75,24.25,1340000
20171026,24.25,25.25,24.75,24.25,1340000
20171027,25.0,25.5,25.25,24.75,1830000
20171030,25.0,25.5,25.25,25.25,2040000
20171031,25.0,26.25,25.5,25.25,3340000
20171101,25.5,26.25,25.75,25.5,12490000
20171102,25.0,26.0,25.25,25.75,18950000
20171103,25.0,26.0,25.5,25.25,4990000
20171106,24.75,25.75,25.0,25.5,5600000
20171107,24.25,25.0,24.5,25.0,34980000
20171108,24.5,25.25,24.75,24.5,15330000
20171109,24.5,25.0,24.75,24.75,3150000
20171110,24.5,25.0,24.5,24.75,8029999
20171113,24.0,24.75,24.5,24.5,25840000
20171114,24.5,25.5,24.5,24.5,12060000
20171115,24.5,25.25,25.0,24.5,9960000
20171116,25.0,25.75,25.25,25.0,6390000
20171117,25.25,26.0,25.5,25.25,2810000
20171120,25.5,26.0,25.75,25.5,3960000
20171121,25.75,27.25,26.75,25.75,7050000
20171122,26.75,28.5,28.0,26.75,16460000
20171123,26.0,28.5,26.5,28.0,16340000
20171124,26.5,28.0,26.75,26.5,5210000
20171127,26.75,28.0,27.5,26.75,5930000
20171128,26.75,28.0,27.5,26.75,5930000
20171129,27.5,28.0,27.5,27.5,11300000
20171130,27.0,28.0,27.5,27.5,7090000
20171201,27.0,27.75,27.5,27.5,12850000
20171204,27.5,28.25,27.5,27.5,15770000
20171205,27.0,27.75,27.25,27.5,6550000
20171206,26.75,27.75,27.25,27.25,18980000
20171207,27.0,28.25,27.75,27.25,14220000
20171208,27.75,28.25,27.75,27.75,8289999
20171211,27.75,28.25,27.75,27.75,5900000
20171213,27.5,28.0,27.5,27.75,25550000
20171214,26.75,27.75,27.0,27.5,19070000
20171215,24.5,27.5,26.5,27.0,11870000
20171218,26.0,27.0,26.25,26.5,7470000
20171219,25.75,26.5,26.0,26.25,23810000
20171220,25.75,26.75,26.0,26.0,24810000
20171221,26.25,27.0,26.5,26.0,11550000
20171222,26.25,26.75,26.25,26.5,6600000
20171227,26.0,26.5,26.25,26.25,7560000
20171228,26.0,26.5,26.25,26.25,10950000
20171229,26.25,27.5,26.75,26.25,3640000
20180102,26.75,27.0,26.75,26.75,3900000
20180103,26.75,27.0,26.75,26.75,8350000
20180104,26.75,27.75,27.0,26.75,8300000
20180105,27.0,28.5,28.0,27.0,11040000
20180108,27.5,28.25,28.0,28.0,6870000
20180109,27.75,28.25,27.75,28.0,20530000
20180110,27.75,28.0,27.75,27.75,12920000
20180111,27.75,28.25,27.75,27.75,11140000
20180112,27.75,28.5,28.25,27.75,2800000
20180115,28.25,29.25,28.75,28.25,3750000
20180116,28.5,29.5,29.0,28.75,7300000
20180117,28.5,29.5,29.0,29.0,10300000
20180118,29.0,29.5,29.25,29.0,9390000
20180119,29.25,29.75,29.25,29.25,6590000
20180122,29.0,29.75,29.25,29.25,8830000
20180123,29.25,29.75,29.5,29.25,16960000
20180124,29.5,29.75,29.5,29.5,6560000
20180125,29.5,30.0,29.75,29.5,6590000
20180126,29.5,30.5,30.0,29.75,26170000
20180129,29.5,30.0,29.75,30.0,3950000
20180130,29.25,30.0,29.5,29.75,18000000
20180131,29.5,30.0,29.5,29.5,8890000
20180201,29.5,30.0,29.75,29.5,6150000
20180202,29.75,30.25,29.75,29.75,3030000
20180205,29.75,30.0,29.75,29.75,4090000
20180206,28.75,30.0,29.5,29.75,42110000
20180207,28.0,29.25,28.5,29.5,20680000
20180208,28.5,29.5,29.25,28.5,14170000
20180209,29.0,29.5,29.0,29.25,12830000
20180212,28.0,30.0,28.25,29.0,1500000
20180213,28.25,29.0,28.5,28.25,6860000
20180214,28.75,29.0,28.75,28.5,3090000
20180215,28.75,29.25,28.75,28.75,2710000
20180216,29.0,29.75,29.25,28.75,4730000
20180219,29.25,30.0,29.25,29.25,4490000
20180220,29.25,30.5,29.75,29.25,8750000
20180221,29.0,30.25,29.75,29.75,15110000
20180222,29.5,30.0,29.5,29.75,6160000
20180223,29.25,30.0,29.5,29.5,5000000
20180226,29.25,29.75,29.5,29.5,14510000
20180227,29.25,30.0,29.5,29.5,7390000
20180228,29.5,30.0,29.75,29.5,10940000
